ICD_Code,AAMR_Period,Lag,Model,A,B,C,D,A_p,B_p,C_p,D_p,B_rhat,C_rhat,D_rhat,B_ess_bulk,C_ess_bulk,D_ess_bulk,B_ess_tail,C_ess_tail,D_ess_tail
J40_J47_J60_J70_J84_D86_C34,2006_2010,5,Census_Region_1_SVI+UN,"1.00(1.00,1.00)","1.27(1.02,2.18)","1.17(0.91,1.94)","0.88(0.25,1.32)",NA,0.0394,0.2110,0.4172,1.0011,1.0004,1.0010,3630,3656,3402,3197,3118,3264
"J40_J47_J60_J70_J84_D86_C34","2011_2015",10,"Census_Region_1_SVI+UN","1.00(1.00,1.00)","1.35(1.05,2.28)","1.28(0.96,2.19)","0.87(0.37,1.37)",NA,"0.0202","0.1135","0.4676","1.0018","0.9998","1.0002",3467,2976,2946,3366,2846,2965
"J40_J47_J60_J70_J84_D86_C34","2016_2020",15,"Census_Region_1_SVI+UN","1.00(1.00,1.00)","0.66(-0.25,4.38)","0.95(-0.26,4.44)","0.84(-0.20,2.46)",NA,"0.0785","0.1014","0.7638","1.0013","1.0012","1.0002",3548,3297,3522,3062,3454,3156
"J40_J47_J60_J70_J84_D86_C34","2021_2024",20,"Census_Region_1_SVI+UN","1.00(1.00,1.00)","1.27(1.05,1.70)","1.22(0.98,1.68)","0.88(0.51,1.26)",NA,"0.0131","0.0835","0.4626","1.0017","1.0006","1.0012",3711,3542,3419,3157,3104,3164
"J40_J47_J60_J70_J84_D86_C34","2006_2010",5,"Census_Region_2_SVI+UN","1.00(1.00,1.00)","1.46(-4.25,0.69)","1.85(-8.26,0.42)","2.27(-9.11,0.44)",NA,"0.0439","0.0439","0.0439","1.0014","1.0007","1.0012",3612,3823,3941,3093,3383,3126
"J40_J47_J60_J70_J84_D86_C34","2011_2015",10,"Census_Region_2_SVI+UN","1.00(1.00,1.00)","-1.50(-25.28,29.33)","-2.29(-41.51,49.67)","-2.28(-33.85,40.61)",NA,"0.8021","0.8021","0.8021","1.0023","1.0022","1.0011",3400,3097,3394,2824,2834,3004
"J40_J47_J60_J70_J84_D86_C34","2016_2020",15,"Census_Region_2_SVI+UN","1.00(1.00,1.00)","1.96(1.37,4.06)","2.53(1.58,5.74)","2.61(1.53,6.19)",NA,"0.0152","0.0152","0.0152","1.0024","1.0023","1.0005",3077,2710,3276,3182,2738,3266
"J40_J47_J60_J70_J84_D86_C34","2021_2024",20,"Census_Region_2_SVI+UN","1.00(1.00,1.00)","1.46(1.24,1.88)","1.73(1.40,2.42)","1.61(1.25,2.24)",NA,"0.0002","0.0002","0.0006","1.0010","1.0000","1.0018",3121,2994,3466,3565,2965,2954
"J40_J47_J60_J70_J84_D86_C34","2006_2010",5,"Census_Region_3_SVI+UN","1.00(1.00,1.00)","-0.04(-9.24,10.20)","-2.09(-37.59,38.89)","-1.56(-33.50,34.59)",NA,"0.4626","0.4543","0.4543","1.0026","1.0014","1.0023",2293,2345,2303,2945,3249,3004
"J40_J47_J60_J70_J84_D86_C34","2011_2015",10,"Census_Region_3_SVI+UN","1.00(1.00,1.00)","1.23(1.02,1.59)","1.93(1.46,3.02)","1.80(1.38,2.77)",NA,"0.0290","0.0002","0.0002","1.0009","1.0005","1.0002",2387,2214,2231,3055,2831,2557
"J40_J47_J60_J70_J84_D86_C34","2016_2020",15,"Census_Region_3_SVI+UN","1.00(1.00,1.00)","1.31(1.01,2.04)","2.38(1.63,5.30)","2.39(1.63,5.44)",NA,"0.0477","0.0077","0.0077","1.0016","1.0012","1.0007",2179,2026,2039,2367,2664,2811
"J40_J47_J60_J70_J84_D86_C34","2021_2024",20,"Census_Region_3_SVI+UN","1.00(1.00,1.00)","1.13(1.00,1.27)","1.55(1.36,1.85)","1.63(1.41,1.98)",NA,"0.0539","0.0002","0.0002","1.0019","1.0029","1.0029",2491,2320,2332,2965,2797,2708
"J40_J47_J60_J70_J84_D86_C34","2006_2010",5,"Census_Region_4_SVI+UN","1.00(1.00,1.00)","-0.07(-4.49,6.66)","-1.99(-17.17,19.63)","-2.83(-22.33,23.33)",NA,"0.5597","0.5197","0.5197","1.0014","1.0028","1.0032",2690,2524,2212,3190,3011,2852
"J40_J47_J60_J70_J84_D86_C34","2011_2015",10,"Census_Region_4_SVI+UN","1.00(1.00,1.00)","-0.68(-0.02,3.42)","-2.26(-2.45,8.57)","-3.07(-3.26,10.38)",NA,"0.0902","0.0644","0.0644","0.9999","1.0012","1.0010",2554,2737,2153,2723,3354,2843
"J40_J47_J60_J70_J84_D86_C34","2016_2020",15,"Census_Region_4_SVI+UN","1.00(1.00,1.00)","1.28(1.07,2.27)","1.71(1.35,4.34)","1.81(1.36,4.94)",NA,"0.0165","0.0115","0.0115","1.0024","1.0017","1.0024",2476,2254,1773,3048,2680,3228
"J40_J47_J60_J70_J84_D86_C34","2021_2024",20,"Census_Region_4_SVI+UN","1.00(1.00,1.00)","1.19(1.07,1.35)","1.38(1.22,1.63)","1.38(1.21,1.69)",NA,"0.0006","0.0002","0.0002","1.0009","1.0016","1.0024",3408,2885,2193,3751,3508,3166
"J40_J47_J60_J70_J84_D86_C34","2006_2010",5,"Climate_Zone_B_SVI+UN","1.00(1.00,1.00)","1.07(0.99,1.16)","1.20(1.11,1.32)","1.09(1.00,1.20)",NA,"0.1177","0.0002","0.0585","1.0027","1.0013","1.0006",6257,5916,5991,4054,3951,4156
"J40_J47_J60_J70_J84_D86_C34","2011_2015",10,"Climate_Zone_B_SVI+UN","1.00(1.00,1.00)","1.09(1.00,1.17)","1.15(1.07,1.26)","1.02(0.93,1.11)",NA,"0.0406","0.0006","0.7205","1.0021","1.0005","1.0007",5315,5277,4733,3511,3774,3634
"J40_J47_J60_J70_J84_D86_C34","2016_2020",15,"Climate_Zone_B_SVI+UN","1.00(1.00,1.00)","1.12(1.02,1.23)","1.21(1.10,1.35)","1.10(0.99,1.22)",NA,"0.0227","0.0002","0.0914","1.0007","1.0009","1.0002",5905,4614,4697,3814,3899,4074
"J40_J47_J60_J70_J84_D86_C34","2021_2024",20,"Climate_Zone_B_SVI+UN","1.00(1.00,1.00)","1.13(1.03,1.23)","1.14(1.04,1.25)","1.05(0.95,1.16)",NA,"0.0073","0.0077","0.2922","1.0012","1.0002","1.0003",5697,4165,4106,3524,3610,3496
"J40_J47_J60_J70_J84_D86_C34","2006_2010",5,"Climate_Zone_C_SVI+UN","1.00(1.00,1.00)","1.48(1.15,2.59)","2.37(1.56,5.50)","2.41(1.57,5.60)",NA,"0.0123","0.0123","0.0123","1.0005","0.9999","1.0002",2987,3074,2845,3537,3371,3477
"J40_J47_J60_J70_J84_D86_C34","2011_2015",10,"Climate_Zone_C_SVI+UN","1.00(1.00,1.00)","1.15(1.07,1.25)","1.43(1.29,1.63)","1.42(1.28,1.62)",NA,"0.0002","0.0002","0.0002","1.0008","1.0023","1.0014",2125,1924,2070,2591,2771,2445
"J40_J47_J60_J70_J84_D86_C34","2016_2020",15,"Climate_Zone_C_SVI+UN","1.00(1.00,1.00)","1.18(1.09,1.29)","1.50(1.35,1.73)","1.56(1.38,1.82)",NA,"0.0002","0.0002","0.0002","1.0020","1.0014","1.0025",2103,1990,2038,2957,2432,2657
"J40_J47_J60_J70_J84_D86_C34","2021_2024",20,"Climate_Zone_C_SVI+UN","1.00(1.00,1.00)","1.12(1.05,1.20)","1.36(1.26,1.48)","1.45(1.33,1.60)",NA,"0.0006","0.0002","0.0002","1.0019","1.0015","1.0008",2964,2785,2855,3916,3089,3641
"J40_J47_J60_J70_J84_D86_C34","2006_2010",5,"Climate_Zone_D_SVI+UN","1.00(1.00,1.00)","-0.27(-12.89,13.91)","-1.32(-22.44,22.77)","-1.10(-25.89,25.82)",NA,"0.2876","0.2876","0.2876","1.0012","1.0012","1.0001",3542,3364,4236,3764,3637,3496
"J40_J47_J60_J70_J84_D86_C34","2011_2015",10,"Climate_Zone_D_SVI+UN","1.00(1.00,1.00)","1.95(-10.02,15.27)","2.58(-16.69,23.60)","1.99(-20.87,26.17)",NA,"0.2164","0.2164","0.2164","1.0001","1.0008","1.0011",3598,3142,3747,3544,3376,3416
"J40_J47_J60_J70_J84_D86_C34","2016_2020",15,"Climate_Zone_D_SVI+UN","1.00(1.00,1.00)","1.64(1.30,2.38)","1.99(1.45,3.10)","2.22(1.50,3.60)",NA,"0.0010","0.0010","0.0010","1.0011","1.0024","1.0005",3226,2732,3304,3013,3093,2917
"J40_J47_J60_J70_J84_D86_C34","2021_2024",20,"Climate_Zone_D_SVI+UN","1.00(1.00,1.00)","1.39(1.24,1.64)","1.53(1.32,1.85)","1.60(1.32,2.05)",NA,"0.0002","0.0002","0.0002","1.0030","1.0014","1.0027",3377,3580,4270,3205,3559,3501
"J40_J47_J60_J70_J84_D86_C34","2006_2010",5,"Economic_type_1_SVI+UN","1.00(1.00,1.00)","1.04(0.96,1.12)","1.11(1.03,1.21)","1.14(1.06,1.24)",NA,"0.3593","0.0081","0.0023","1.0024","0.9998","1.0007",8082,7340,6871,3379,3711,4108
"J40_J47_J60_J70_J84_D86_C34","2011_2015",10,"Economic_type_1_SVI+UN","1.00(1.00,1.00)","1.06(0.98,1.15)","1.06(0.97,1.15)","1.06(0.98,1.16)",NA,"0.1343","0.1810","0.1577","1.0004","1.0013","1.0009",6366,5639,6002,3936,4046,3394
"J40_J47_J60_J70_J84_D86_C34","2016_2020",15,"Economic_type_1_SVI+UN","1.00(1.00,1.00)","1.07(0.98,1.17)","1.08(0.98,1.19)","1.13(1.02,1.24)",NA,"0.1285","0.1123","0.0185","1.0005","1.0013","1.0004",7901,6556,5990,3959,4228,3006
"J40_J47_J60_J70_J84_D86_C34","2021_2024",20,"Economic_type_1_SVI+UN","1.00(1.00,1.00)","1.04(0.95,1.14)","1.07(0.98,1.17)","1.12(1.02,1.24)",NA,"0.3539","0.1506","0.0198","1.0009","1.0034","1.0001",6242,5659,5198,3277,4068,3948
"J40_J47_J60_J70_J84_D86_C34","2006_2010",5,"Economic_type_2_SVI+UN","1.00(1.00,1.00)","0.99(0.92,1.06)","1.10(1.04,1.17)","0.99(0.92,1.06)",NA,"0.6834","0.0019","0.7838","1.0011","1.0008","1.0014",4844,4381,5091,3727,3427,3344
"J40_J47_J60_J70_J84_D86_C34","2011_2015",10,"Economic_type_2_SVI+UN","1.00(1.00,1.00)","0.99(0.92,1.06)","1.11(1.04,1.19)","0.98(0.92,1.06)",NA,"0.7663","0.0027","0.6305","1.0010","1.0031","1.0000",4503,5619,6129,3734,3606,3485
"J40_J47_J60_J70_J84_D86_C34","2016_2020",15,"Economic_type_2_SVI+UN","1.00(1.00,1.00)","0.99(0.91,1.08)","1.13(1.05,1.23)","1.01(0.93,1.10)",NA,"0.8463","0.0015","0.7684","1.0009","1.0004","1.0038",6505,6277,6131,3979,4014,3813
"J40_J47_J60_J70_J84_D86_C34","2021_2024",20,"Economic_type_2_SVI+UN","1.00(1.00,1.00)","1.01(0.92,1.10)","1.10(1.01,1.19)","1.03(0.95,1.12)",NA,"0.8504","0.0219","0.4380","1.0005","1.0033","1.0004",6001,6155,6106,3824,3517,3902
"J40_J47_J60_J70_J84_D86_C34","2006_2010",5,"Economic_type_3_SVI+UN","1.00(1.00,1.00)","1.27(1.13,1.53)","1.47(1.25,1.88)","1.41(1.20,1.80)",NA,"0.0002","0.0002","0.0002","1.0020","1.0039","1.0045",2235,1919,2160,3127,2675,3465
"J40_J47_J60_J70_J84_D86_C34","2011_2015",10,"Economic_type_3_SVI+UN","1.00(1.00,1.00)","1.14(1.07,1.23)","1.26(1.16,1.40)","1.19(1.09,1.32)",NA,"0.0002","0.0002","0.0002","1.0014","1.0011","1.0025",2343,2155,2263,3360,3405,3065
"J40_J47_J60_J70_J84_D86_C34","2016_2020",15,"Economic_type_3_SVI+UN","1.00(1.00,1.00)","1.21(1.12,1.34)","1.41(1.27,1.63)","1.38(1.23,1.60)",NA,"0.0002","0.0002","0.0002","1.0004","1.0007","1.0003",2929,2588,2763,3253,3170,3435
"J40_J47_J60_J70_J84_D86_C34","2021_2024",20,"Economic_type_3_SVI+UN","1.00(1.00,1.00)","1.22(1.12,1.34)","1.37(1.24,1.55)","1.40(1.25,1.60)",NA,"0.0002","0.0002","0.0002","1.0011","1.0008","1.0019",3849,3328,3674,3810,2973,3477
"J40_J47_J60_J70_J84_D86_C34","2006_2010",5,"Economic_type_4_SVI+UN","1.00(1.00,1.00)","1.06(0.99,1.13)","1.18(1.11,1.26)","1.14(1.06,1.22)",NA,"0.1027","0.0002","0.0002","1.0001","1.0000","1.0013",5097,4918,5295,3567,3928,4054
"J40_J47_J60_J70_J84_D86_C34","2011_2015",10,"Economic_type_4_SVI+UN","1.00(1.00,1.00)","1.05(0.99,1.12)","1.16(1.09,1.24)","1.10(1.03,1.18)",NA,"0.1252","0.0002","0.0056","1.0003","1.0004","1.0008",4441,4611,4215,4039,4135,3853
"J40_J47_J60_J70_J84_D86_C34","2016_2020",15,"Economic_type_4_SVI+UN","1.00(1.00,1.00)","1.06(0.99,1.14)","1.21(1.13,1.30)","1.19(1.09,1.29)",NA,"0.1014","0.0002","0.0002","1.0018","1.0017","1.0005",4504,4037,4058,4036,3677,3726
"J40_J47_J60_J70_J84_D86_C34","2021_2024",20,"Economic_type_4_SVI+UN","1.00(1.00,1.00)","1.07(0.99,1.15)","1.16(1.08,1.25)","1.15(1.06,1.24)",NA,"0.0944","0.0006","0.0010","1.0008","1.0017","0.9999",6566,6354,5828,3841,4056,3927
"J40_J47_J60_J70_J84_D86_C34","2006_2010",5,"Economic_type_5_SVI+UN","1.00(1.00,1.00)","1.07(1.00,1.14)","1.11(1.03,1.19)","1.12(1.02,1.21)",NA,"0.0610","0.0065","0.0127","1.0004","1.0025","1.0020",5599,5116,5440,4024,3811,3930
"J40_J47_J60_J70_J84_D86_C34","2011_2015",10,"Economic_type_5_SVI+UN","1.00(1.00,1.00)","1.08(1.01,1.15)","1.09(1.02,1.17)","1.08(0.99,1.17)",NA,"0.0315","0.0140","0.1019","1.0004","1.0003","1.0024",5128,4961,5165,3986,3884,3867
"J40_J47_J60_J70_J84_D86_C34","2016_2020",15,"Economic_type_5_SVI+UN","1.00(1.00,1.00)","1.11(1.03,1.19)","1.14(1.05,1.23)","1.13(1.03,1.24)",NA,"0.0052","0.0010","0.0115","1.0010","1.0014","1.0001",4999,4221,6773,3585,3588,3592
"J40_J47_J60_J70_J84_D86_C34","2021_2024",20,"Economic_type_5_SVI+UN","1.00(1.00,1.00)","1.12(1.03,1.21)","1.11(1.02,1.21)","1.11(1.00,1.22)",NA,"0.0065","0.0148","0.0402","0.9992","0.9998","1.0010",6099,5804,6399,3764,4246,3871
"J40_J47_J60_J70_J84_D86_C34","2006_2010",5,"Economic_type_6_SVI+UN","1.00(1.00,1.00)","1.10(1.04,1.17)","1.22(1.14,1.36)","1.17(1.08,1.30)",NA,"0.0002","0.0002","0.0002","1.0007","1.0009","1.0031",2243,2105,1818,2590,2868,3276
"J40_J47_J60_J70_J84_D86_C34","2011_2015",10,"Economic_type_6_SVI+UN","1.00(1.00,1.00)","1.10(1.05,1.15)","1.20(1.13,1.28)","1.15(1.07,1.23)",NA,"0.0002","0.0002","0.0002","1.0005","1.0007","1.0005",3411,2753,2514,3951,3498,3168
"J40_J47_J60_J70_J84_D86_C34","2016_2020",15,"Economic_type_6_SVI+UN","1.00(1.00,1.00)","1.12(1.06,1.19)","1.27(1.18,1.38)","1.27(1.17,1.41)",NA,"0.0002","0.0002","0.0002","0.9997","1.0002","1.0006",3027,2602,2561,3044,3730,3426
"J40_J47_J60_J70_J84_D86_C34","2021_2024",20,"Economic_type_6_SVI+UN","1.00(1.00,1.00)","1.09(1.03,1.15)","1.23(1.15,1.31)","1.22(1.13,1.33)",NA,"0.0035","0.0002","0.0002","1.0012","1.0000","1.0004",3036,2325,2219,3266,3305,3078
"J40_J47_J60_J70_J84_D86_C34","2006_2010",5,"Homeownership_tertile_1_SVI+UN","1.00(1.00,1.00)","3.81(-9.70,14.53)","7.09(-20.43,27.58)","8.03(-24.00,33.72)",NA,"0.2322","0.2322","0.2322","1.0031","1.0024","1.0030",1754,1958,2290,3068,2954,3100
"J40_J47_J60_J70_J84_D86_C34","2011_2015",10,"Homeownership_tertile_1_SVI+UN","1.00(1.00,1.00)","1.27(1.14,1.49)","1.63(1.38,2.12)","1.75(1.44,2.37)",NA,"0.0002","0.0002","0.0002","1.0061","1.0047","1.0036",997,1352,1738,2363,2906,2848
"J40_J47_J60_J70_J84_D86_C34","2016_2020",15,"Homeownership_tertile_1_SVI+UN","1.00(1.00,1.00)","1.25(1.13,1.39)","1.58(1.40,1.85)","1.80(1.56,2.19)",NA,"0.0002","0.0002","0.0002","1.0006","1.0017","1.0016",2270,2055,2389,3152,3068,3125
"J40_J47_J60_J70_J84_D86_C34","2021_2024",20,"Homeownership_tertile_1_SVI+UN","1.00(1.00,1.00)","1.13(1.03,1.24)","1.39(1.26,1.55)","1.58(1.41,1.79)",NA,"0.0069","0.0002","0.0002","1.0004","1.0015","1.0011",2292,2317,2409,3172,3224,3301
"J40_J47_J60_J70_J84_D86_C34","2006_2010",5,"Homeownership_tertile_2_SVI+UN","1.00(1.00,1.00)","1.41(1.12,2.45)","2.19(1.47,4.98)","2.01(1.35,4.43)",NA,"0.0119","0.0119","0.0119","1.0009","1.0012","1.0022",1827,1701,1710,2708,2406,2358
"J40_J47_J60_J70_J84_D86_C34","2011_2015",10,"Homeownership_tertile_2_SVI+UN","1.00(1.00,1.00)","1.21(1.11,1.36)","1.49(1.30,1.82)","1.32(1.16,1.58)",NA,"0.0002","0.0002","0.0002","1.0009","1.0005","1.0016",2337,2257,2050,3056,2788,2857
"J40_J47_J60_J70_J84_D86_C34","2016_2020",15,"Homeownership_tertile_2_SVI+UN","1.00(1.00,1.00)","1.25(1.14,1.42)","1.56(1.36,1.94)","1.39(1.22,1.69)",NA,"0.0002","0.0002","0.0002","1.0045","1.0034","1.0027",1952,1872,2048,3133,2475,3372
"J40_J47_J60_J70_J84_D86_C34","2021_2024",20,"Homeownership_tertile_2_SVI+UN","1.00(1.00,1.00)","1.14(1.07,1.22)","1.34(1.25,1.46)","1.32(1.21,1.45)",NA,"0.0002","0.0002","0.0002","1.0011","1.0025","1.0009",2967,2156,2427,3320,3125,3156
"J40_J47_J60_J70_J84_D86_C34","2006_2010",5,"Homeownership_tertile_3_SVI+UN","1.00(1.00,1.00)","1.24(1.11,1.48)","1.60(1.32,2.13)","1.53(1.24,2.04)",NA,"0.0002","0.0002","0.0002","1.0013","1.0004","1.0007",3211,2713,2944,3091,3085,3314
"J40_J47_J60_J70_J84_D86_C34","2011_2015",10,"Homeownership_tertile_3_SVI+UN","1.00(1.00,1.00)","1.12(1.07,1.19)","1.25(1.17,1.35)","1.24(1.14,1.36)",NA,"0.0002","0.0002","0.0002","1.0017","1.0018","1.0012",3000,2560,3112,3699,3485,3376
"J40_J47_J60_J70_J84_D86_C34","2016_2020",15,"Homeownership_tertile_3_SVI+UN","1.00(1.00,1.00)","1.15(1.10,1.22)","1.33(1.25,1.45)","1.28(1.17,1.42)",NA,"0.0002","0.0002","0.0002","1.0002","0.9999","1.0010",3050,3123,3424,3485,3430,3474
"J40_J47_J60_J70_J84_D86_C34","2021_2024",20,"Homeownership_tertile_3_SVI+UN","1.00(1.00,1.00)","1.20(1.13,1.27)","1.31(1.23,1.41)","1.26(1.15,1.38)",NA,"0.0002","0.0002","0.0002","1.0012","1.0017","1.0011",2770,2445,2654,3562,3342,3625
