ICD_Code,EQI_Period,AAMR_Period,Lag,Model,Quintile,MRR_mean,MRR_lower,MRR_upper,pct_diff,p
G20,2000_2005,2006_2010,5,Typology_Farming,Q1,1,1,1,0,NA
G20,2000_2005,2006_2010,5,Typology_Farming,Q2,2.0908,1.6732,2.6034,109.0826,0.0002
G20,2000_2005,2006_2010,5,Typology_Farming,Q3,2.4897,1.9311,3.166,148.9719,0.0002
G20,2000_2005,2006_2010,5,Typology_Farming,Q4,2.7841,2.0174,3.6652,178.4129,0.0002
G20,2000_2005,2006_2010,5,Typology_Farming,Q5,3.1317,1.4022,5.1858,213.1673,0.0112
"G20","2000_2005","2011_2015",10,"Typology_Farming","Q1",1.096,0.7917,1.4573,9.5982,"0.5866"
"G20","2000_2005","2011_2015",10,"Typology_Farming","Q2",2.3659,1.8088,3.0395,136.5878,"0.0002"
"G20","2000_2005","2011_2015",10,"Typology_Farming","Q3",2.7988,2.1088,3.6189,179.8786,"0.0002"
"G20","2000_2005","2011_2015",10,"Typology_Farming","Q4",3.1448,2.2667,4.228,214.4755,"0.0002"
"G20","2000_2005","2011_2015",10,"Typology_Farming","Q5",2.5856,0.9919,4.4415,158.5632,"0.0512"
"G20","2000_2005","2016_2020",15,"Typology_Farming","Q1",1.4995,1.099,1.9817,49.9474,"0.0092"
"G20","2000_2005","2016_2020",15,"Typology_Farming","Q2",3.0672,2.3514,3.8937,206.7241,"0.0002"
"G20","2000_2005","2016_2020",15,"Typology_Farming","Q3",3.2624,2.4551,4.212,226.2388,"0.0002"
"G20","2000_2005","2016_2020",15,"Typology_Farming","Q4",3.6487,2.6925,4.8302,264.8703,"0.0002"
"G20","2000_2005","2016_2020",15,"Typology_Farming","Q5",2.8652,1.2106,4.8186,186.5234,"0.0297"
"G20","2006_2010","2011_2015",5,"Typology_Farming","Q1",1,1,1,0,NA
"G20","2006_2010","2011_2015",5,"Typology_Farming","Q2",1.3757,1.0762,1.7476,37.5701,"0.0132"
"G20","2006_2010","2011_2015",5,"Typology_Farming","Q3",1.3615,0.9836,1.8215,36.1513,"0.0662"
"G20","2006_2010","2011_2015",5,"Typology_Farming","Q4",1.3593,0.9935,1.7918,35.9309,"0.0552"
"G20","2006_2010","2011_2015",5,"Typology_Farming","Q5",1.2833,0.8682,1.7818,28.3257,"0.1962"
"G20","2006_2010","2016_2020",10,"Typology_Farming","Q1",1.325,1.0236,1.6918,32.4971,"0.0282"
"G20","2006_2010","2016_2020",10,"Typology_Farming","Q2",1.635,1.2487,2.1148,63.5027,"0.0007"
"G20","2006_2010","2016_2020",10,"Typology_Farming","Q3",1.7072,1.2372,2.2913,70.7164,"0.0017"
"G20","2006_2010","2016_2020",10,"Typology_Farming","Q4",1.7613,1.3053,2.3135,76.1252,"0.0007"
"G20","2006_2010","2016_2020",10,"Typology_Farming","Q5",1.6138,1.1102,2.2282,61.3765,"0.0117"
"G20","2000_2005","2006_2010",5,"Typology_Mining","Q1",1,1,1,0,NA
"G20","2000_2005","2006_2010",5,"Typology_Mining","Q2",1.7545,1.2198,2.5511,75.45,"0.0027"
"G20","2000_2005","2006_2010",5,"Typology_Mining","Q3",2.2802,1.4812,3.4782,128.0241,"0.0002"
"G20","2000_2005","2006_2010",5,"Typology_Mining","Q4",2.4987,1.5533,3.9345,149.8701,"0.0002"
"G20","2000_2005","2006_2010",5,"Typology_Mining","Q5",1.1348,0.152,2.4244,13.4824,"0.8660"
"G20","2000_2005","2011_2015",10,"Typology_Mining","Q1",1.7189,1.0228,2.8361,71.8921,"0.0427"
"G20","2000_2005","2011_2015",10,"Typology_Mining","Q2",2.3837,1.4842,3.8058,138.3728,"0.0002"
"G20","2000_2005","2011_2015",10,"Typology_Mining","Q3",2.9655,1.8822,4.7538,196.5486,"0.0002"
"G20","2000_2005","2011_2015",10,"Typology_Mining","Q4",2.4847,1.3845,4.1473,148.4722,"0.0027"
"G20","2000_2005","2011_2015",10,"Typology_Mining","Q5",2.3156,0.772,4.4729,131.5567,"0.1047"
"G20","2000_2005","2016_2020",15,"Typology_Mining","Q1",1.8805,1.1204,3.0651,88.0469,"0.0167"
"G20","2000_2005","2016_2020",15,"Typology_Mining","Q2",2.7911,1.7827,4.4076,179.1107,"0.0002"
"G20","2000_2005","2016_2020",15,"Typology_Mining","Q3",3.3315,2.1277,5.1859,233.1494,"0.0002"
"G20","2000_2005","2016_2020",15,"Typology_Mining","Q4",3.2638,1.9893,5.1969,226.38,"0.0002"
"G20","2000_2005","2016_2020",15,"Typology_Mining","Q5",2.9928,1.4981,5.26,199.2783,"0.0032"
"G20","2006_2010","2011_2015",5,"Typology_Mining","Q1",1,1,1,0,NA
"G20","2006_2010","2011_2015",5,"Typology_Mining","Q2",1.2097,0.8227,1.7063,20.9678,"0.3427"
"G20","2006_2010","2011_2015",5,"Typology_Mining","Q3",1.5146,1.0669,2.0934,51.4583,"0.0242"
"G20","2006_2010","2011_2015",5,"Typology_Mining","Q4",1.5267,0.968,2.2003,52.6693,"0.0707"
"G20","2006_2010","2011_2015",5,"Typology_Mining","Q5",1.1673,0.698,1.7689,16.7341,"0.5591"
"G20","2006_2010","2016_2020",10,"Typology_Mining","Q1",1.1905,0.8037,1.6825,19.0498,"0.3922"
"G20","2006_2010","2016_2020",10,"Typology_Mining","Q2",1.66,1.1637,2.3037,65.9954,"0.0072"
"G20","2006_2010","2016_2020",10,"Typology_Mining","Q3",1.6131,1.1368,2.2453,61.3129,"0.0067"
"G20","2006_2010","2016_2020",10,"Typology_Mining","Q4",1.7252,1.1453,2.4826,72.5242,"0.0112"
"G20","2006_2010","2016_2020",10,"Typology_Mining","Q5",1.5259,0.9938,2.2189,52.5941,"0.0552"
"G20","2000_2005","2006_2010",5,"Typology_Manufacturing","Q1",1,1,1,0,NA
"G20","2000_2005","2006_2010",5,"Typology_Manufacturing","Q2",1.3903,1.1899,1.6183,39.0274,"0.0002"
"G20","2000_2005","2006_2010",5,"Typology_Manufacturing","Q3",1.4795,1.2778,1.7163,47.9496,"0.0002"
"G20","2000_2005","2006_2010",5,"Typology_Manufacturing","Q4",1.5615,1.3429,1.8114,56.148,"0.0002"
"G20","2000_2005","2006_2010",5,"Typology_Manufacturing","Q5",1.6869,1.434,1.9674,68.6881,"0.0002"
"G20","2000_2005","2011_2015",10,"Typology_Manufacturing","Q1",1.155,0.9239,1.4213,15.504,"0.2192"
"G20","2000_2005","2011_2015",10,"Typology_Manufacturing","Q2",1.3913,1.1512,1.661,39.1333,"0.0012"
"G20","2000_2005","2011_2015",10,"Typology_Manufacturing","Q3",1.5413,1.2907,1.8226,54.134,"0.0002"
"G20","2000_2005","2011_2015",10,"Typology_Manufacturing","Q4",1.7463,1.4818,2.0566,74.6258,"0.0002"
"G20","2000_2005","2011_2015",10,"Typology_Manufacturing","Q5",1.8259,1.5477,2.1417,82.5942,"0.0002"
"G20","2000_2005","2016_2020",15,"Typology_Manufacturing","Q1",1.6689,1.369,2.0249,66.8918,"0.0002"
"G20","2000_2005","2016_2020",15,"Typology_Manufacturing","Q2",1.9093,1.5999,2.2733,90.9314,"0.0002"
"G20","2000_2005","2016_2020",15,"Typology_Manufacturing","Q3",1.9154,1.6074,2.2663,91.538,"0.0002"
"G20","2000_2005","2016_2020",15,"Typology_Manufacturing","Q4",2.1132,1.7862,2.4933,111.3154,"0.0002"
"G20","2000_2005","2016_2020",15,"Typology_Manufacturing","Q5",2.2937,1.9501,2.7029,129.3707,"0.0002"
"G20","2006_2010","2011_2015",5,"Typology_Manufacturing","Q1",1,1,1,0,NA
"G20","2006_2010","2011_2015",5,"Typology_Manufacturing","Q2",1.1037,0.9393,1.2927,10.3685,"0.2512"
"G20","2006_2010","2011_2015",5,"Typology_Manufacturing","Q3",1.1218,0.9651,1.3028,12.1761,"0.1442"
"G20","2006_2010","2011_2015",5,"Typology_Manufacturing","Q4",1.188,1.0273,1.3825,18.7961,"0.0207"
"G20","2006_2010","2011_2015",5,"Typology_Manufacturing","Q5",1.1354,0.9777,1.3251,13.5428,"0.0922"
"G20","2006_2010","2016_2020",10,"Typology_Manufacturing","Q1",1.3592,1.1102,1.6527,35.9156,"0.0027"
"G20","2006_2010","2016_2020",10,"Typology_Manufacturing","Q2",1.4227,1.1882,1.7002,42.2678,"0.0002"
"G20","2006_2010","2016_2020",10,"Typology_Manufacturing","Q3",1.4012,1.1868,1.6685,40.1243,"0.0002"
"G20","2006_2010","2016_2020",10,"Typology_Manufacturing","Q4",1.4938,1.2602,1.776,49.3816,"0.0002"
"G20","2006_2010","2016_2020",10,"Typology_Manufacturing","Q5",1.4538,1.2227,1.7289,45.3842,"0.0002"
"G20","2000_2005","2006_2010",5,"Typology_Government","Q1",1,1,1,0,NA
"G20","2000_2005","2006_2010",5,"Typology_Government","Q2",1.8503,1.4908,2.2895,85.0311,"0.0002"
"G20","2000_2005","2006_2010",5,"Typology_Government","Q3",2.0094,1.6414,2.462,100.9367,"0.0002"
"G20","2000_2005","2006_2010",5,"Typology_Government","Q4",2.125,1.7219,2.6082,112.4987,"0.0002"
"G20","2000_2005","2006_2010",5,"Typology_Government","Q5",2.1339,1.7166,2.6207,113.3897,"0.0002"
"G20","2000_2005","2011_2015",10,"Typology_Government","Q1",1.2018,0.925,1.5417,20.1821,"0.1852"
"G20","2000_2005","2011_2015",10,"Typology_Government","Q2",1.924,1.5206,2.4121,92.3968,"0.0002"
"G20","2000_2005","2011_2015",10,"Typology_Government","Q3",2.1827,1.7646,2.6825,118.2681,"0.0002"
"G20","2000_2005","2011_2015",10,"Typology_Government","Q4",2.2388,1.8106,2.7499,123.8793,"0.0002"
"G20","2000_2005","2011_2015",10,"Typology_Government","Q5",2.3675,1.9249,2.9227,136.7505,"0.0002"
"G20","2000_2005","2016_2020",15,"Typology_Government","Q1",1.9313,1.5084,2.4364,93.13,"0.0002"
"G20","2000_2005","2016_2020",15,"Typology_Government","Q2",2.3919,1.9009,3.0019,139.1877,"0.0002"
"G20","2000_2005","2016_2020",15,"Typology_Government","Q3",2.6191,2.1325,3.2237,161.9144,"0.0002"
"G20","2000_2005","2016_2020",15,"Typology_Government","Q4",2.5942,2.0957,3.1925,159.424,"0.0002"
"G20","2000_2005","2016_2020",15,"Typology_Government","Q5",2.7569,2.2526,3.3754,175.6879,"0.0002"
"G20","2006_2010","2011_2015",5,"Typology_Government","Q1",1,1,1,0,NA
"G20","2006_2010","2011_2015",5,"Typology_Government","Q2",1.2343,1.0529,1.4367,23.4277,"0.0087"
"G20","2006_2010","2011_2015",5,"Typology_Government","Q3",1.2328,1.0462,1.4474,23.2813,"0.0107"
"G20","2006_2010","2011_2015",5,"Typology_Government","Q4",1.2806,1.0821,1.5055,28.0562,"0.0042"
"G20","2006_2010","2011_2015",5,"Typology_Government","Q5",1.297,1.0965,1.5285,29.6989,"0.0022"
"G20","2006_2010","2016_2020",10,"Typology_Government","Q1",1.2683,1.0525,1.5137,26.8273,"0.0102"
"G20","2006_2010","2016_2020",10,"Typology_Government","Q2",1.5479,1.3219,1.8034,54.7934,"0.0002"
"G20","2006_2010","2016_2020",10,"Typology_Government","Q3",1.585,1.3516,1.8538,58.4989,"0.0002"
"G20","2006_2010","2016_2020",10,"Typology_Government","Q4",1.5728,1.3266,1.8429,57.2773,"0.0002"
"G20","2006_2010","2016_2020",10,"Typology_Government","Q5",1.4543,1.2295,1.7074,45.4315,"0.0002"
"G20","2000_2005","2006_2010",5,"Typology_Services","Q1",1,1,1,0,NA
"G20","2000_2005","2006_2010",5,"Typology_Services","Q2",1.4003,0.8924,2.3661,40.0281,"0.1927"
"G20","2000_2005","2006_2010",5,"Typology_Services","Q3",1.7628,1.1456,2.9649,76.2814,"0.0067"
"G20","2000_2005","2006_2010",5,"Typology_Services","Q4",2.0395,1.3248,3.4275,103.9459,"0.0002"
"G20","2000_2005","2006_2010",5,"Typology_Services","Q5",2.1701,1.4163,3.6077,117.0085,"0.0002"
"G20","2000_2005","2011_2015",10,"Typology_Services","Q1",1.2879,0.7079,2.2991,28.7944,"0.4906"
"G20","2000_2005","2011_2015",10,"Typology_Services","Q2",1.5428,0.9589,2.6517,54.2823,"0.0812"
"G20","2000_2005","2011_2015",10,"Typology_Services","Q3",1.7299,1.1041,2.9233,72.9918,"0.0122"
"G20","2000_2005","2011_2015",10,"Typology_Services","Q4",2.233,1.435,3.7479,123.2986,"0.0002"
"G20","2000_2005","2011_2015",10,"Typology_Services","Q5",2.4023,1.5652,4.0006,140.2336,"0.0002"
"G20","2000_2005","2016_2020",15,"Typology_Services","Q1",1.486,0.8099,2.7093,48.5967,"0.2232"
"G20","2000_2005","2016_2020",15,"Typology_Services","Q2",1.7875,1.1198,3.0011,78.7531,"0.0132"
"G20","2000_2005","2016_2020",15,"Typology_Services","Q3",2.1472,1.3674,3.588,114.715,"0.0002"
"G20","2000_2005","2016_2020",15,"Typology_Services","Q4",2.5949,1.6707,4.3832,159.4936,"0.0002"
"G20","2000_2005","2016_2020",15,"Typology_Services","Q5",2.8493,1.8521,4.7989,184.9341,"0.0002"
"G20","2006_2010","2011_2015",5,"Typology_Services","Q1",1,1,1,0,NA
"G20","2006_2010","2011_2015",5,"Typology_Services","Q2",1.1505,1.0048,1.3099,15.0461,"0.0432"
"G20","2006_2010","2011_2015",5,"Typology_Services","Q3",1.2027,1.0518,1.3768,20.2742,"0.0072"
"G20","2006_2010","2011_2015",5,"Typology_Services","Q4",1.1053,0.9571,1.2734,10.5335,"0.1767"
"G20","2006_2010","2011_2015",5,"Typology_Services","Q5",1.1569,0.9991,1.3324,15.6935,"0.0527"
"G20","2006_2010","2016_2020",10,"Typology_Services","Q1",1.0956,0.9308,1.2889,9.5579,"0.2832"
"G20","2006_2010","2016_2020",10,"Typology_Services","Q2",1.4186,1.2282,1.6369,41.856,"0.0002"
"G20","2006_2010","2016_2020",10,"Typology_Services","Q3",1.4198,1.2338,1.6399,41.9788,"0.0002"
"G20","2006_2010","2016_2020",10,"Typology_Services","Q4",1.3402,1.1596,1.5541,34.0222,"0.0002"
"G20","2006_2010","2016_2020",10,"Typology_Services","Q5",1.3857,1.1977,1.6077,38.5721,"0.0002"
"G20","2000_2005","2006_2010",5,"Typology_Nonspecialized","Q1",1,1,1,0,NA
"G20","2000_2005","2006_2010",5,"Typology_Nonspecialized","Q2",1.4537,1.2488,1.6919,45.37,"0.0002"
"G20","2000_2005","2006_2010",5,"Typology_Nonspecialized","Q3",1.7951,1.5443,2.08,79.5082,"0.0002"
"G20","2000_2005","2006_2010",5,"Typology_Nonspecialized","Q4",1.9628,1.6914,2.2823,96.2836,"0.0002"
"G20","2000_2005","2006_2010",5,"Typology_Nonspecialized","Q5",2.1874,1.8815,2.5553,118.7406,"0.0002"
"G20","2000_2005","2011_2015",10,"Typology_Nonspecialized","Q1",1.277,1.0513,1.5375,27.6971,"0.0167"
"G20","2000_2005","2011_2015",10,"Typology_Nonspecialized","Q2",1.7311,1.4608,2.0421,73.1069,"0.0002"
"G20","2000_2005","2011_2015",10,"Typology_Nonspecialized","Q3",1.9748,1.6866,2.3065,97.4798,"0.0002"
"G20","2000_2005","2011_2015",10,"Typology_Nonspecialized","Q4",2.1255,1.8276,2.4816,112.5494,"0.0002"
"G20","2000_2005","2011_2015",10,"Typology_Nonspecialized","Q5",2.4291,2.0878,2.8337,142.9093,"0.0002"
"G20","2000_2005","2016_2020",15,"Typology_Nonspecialized","Q1",1.7233,1.4299,2.0578,72.3339,"0.0002"
"G20","2000_2005","2016_2020",15,"Typology_Nonspecialized","Q2",2.3056,1.9579,2.7236,130.5576,"0.0002"
"G20","2000_2005","2016_2020",15,"Typology_Nonspecialized","Q3",2.4094,2.0596,2.8164,140.9403,"0.0002"
"G20","2000_2005","2016_2020",15,"Typology_Nonspecialized","Q4",2.5636,2.203,2.9865,156.3615,"0.0002"
"G20","2000_2005","2016_2020",15,"Typology_Nonspecialized","Q5",2.7738,2.375,3.2411,177.3831,"0.0002"
"G20","2006_2010","2011_2015",5,"Typology_Nonspecialized","Q1",1,1,1,0,NA
"G20","2006_2010","2011_2015",5,"Typology_Nonspecialized","Q2",1.0623,0.9506,1.1886,6.2285,"0.2942"
"G20","2006_2010","2011_2015",5,"Typology_Nonspecialized","Q3",1.1074,0.9899,1.2422,10.7381,"0.0747"
"G20","2006_2010","2011_2015",5,"Typology_Nonspecialized","Q4",1.1186,1.0008,1.258,11.8564,"0.0482"
"G20","2006_2010","2011_2015",5,"Typology_Nonspecialized","Q5",1.1521,1.0289,1.2929,15.2052,"0.0147"
"G20","2006_2010","2016_2020",10,"Typology_Nonspecialized","Q1",1.1981,1.0505,1.3669,19.8095,"0.0067"
"G20","2006_2010","2016_2020",10,"Typology_Nonspecialized","Q2",1.3085,1.1592,1.4784,30.8486,"0.0002"
"G20","2006_2010","2016_2020",10,"Typology_Nonspecialized","Q3",1.3562,1.2056,1.5318,35.6225,"0.0002"
"G20","2006_2010","2016_2020",10,"Typology_Nonspecialized","Q4",1.3569,1.2063,1.5288,35.6947,"0.0002"
"G20","2006_2010","2016_2020",10,"Typology_Nonspecialized","Q5",1.383,1.2243,1.5644,38.2986,"0.0002"
