ICD_Code,EQI_Period,AAMR_Period,Lag,Model,Q1,Q2,Q3,Q4,Q5,Q2_p,Q3_p,Q4_p,Q5_p,Q2_rhat,Q3_rhat,Q4_rhat,Q5_rhat,Q2_ess_bulk,Q3_ess_bulk,Q4_ess_bulk,Q5_ess_bulk,Q2_ess_tail,Q3_ess_tail,Q4_ess_tail,Q5_ess_tail
G10,2000_2005,2006_2010,5,Cluster0_EQI,0.00,"0.01(0.00,0.01)***","0.01(0.00,0.02)***","0.20(-9.51,10.17)","-0.08(-9.59,9.40)",0.0002,0.0002,0.9605,0.9960,0.9998,1.0009,1.0005,1.0011,5165,4632,2811,2408,3607,2891,2667,2238
"G10","2000_2005","2006_2010",5,"Cluster0_EQI_Air","0.00","0.00(-0.00,0.01)","0.01(0.00,0.01)*","0.03(0.02,0.03)***","0.10(0.06,0.13)***","0.5111","0.0172","0.0002","0.0002","1.0029","1.0012","1.0023","1.0011",2648,2241,2679,2553,2990,2903,3093,2800
"G10","2000_2005","2006_2010",5,"Cluster0_EQI_Water","0.00","0.00(-0.01,0.01)","0.00(-0.00,0.01)","0.01(-0.00,0.01)","0.00(-0.01,0.01)","0.6416","0.4251","0.1822","0.6221","1.0007","1.0013","1.0010","1.0011",1490,1575,1397,1739,1799,1814,2028,2437
"G10","2000_2005","2006_2010",5,"Cluster0_EQI_Land","0.00","0.00(-0.00,0.01)","-0.00(-0.01,0.00)","-0.00(-0.01,0.00)","-0.00(-0.01,0.01)","0.3282","0.6756","0.1447","0.7336","1.0025","1.0013","1.0007","1.0012",3653,2871,2788,2700,3165,2953,2936,2898
"G10","2000_2005","2006_2010",5,"Cluster0_EQI_Built","0.00","0.00(0.00,0.01)**","0.00(-0.00,0.01)","-0.00(-0.01,0.01)","0.00(-0.01,0.01)","0.0067","0.0732","0.9015","0.3962","1.0012","1.0004","1.0005","1.0019",4800,4917,3674,3537,2788,3326,2562,2791
"G10","2000_2005","2006_2010",5,"Cluster0_EQI_Social","0.00","0.01(0.01,0.01)***","0.00(-0.00,0.01)","0.01(-0.00,0.01)","0.01(0.00,0.03)*","0.0002","0.1127","0.0622","0.0202","1.0000","0.9996","1.0001","1.0003",4170,4318,3695,3030,3301,3580,2939,2918
"G10","2000_2005","2011_2015",10,"Cluster0_EQI","0.00","0.01(0.00,0.02)**","0.01(-0.01,0.02)","0.13(-9.52,10.17)","-0.03(-9.89,9.48)","0.0012","0.3912","0.9885","0.9990","1.0437","1.0041","0.9996","1.0001",69,3302,3726,3317,1979,2539,2816,2876
"G10","2000_2005","2011_2015",10,"Cluster0_EQI_Air","0.00","0.01(0.00,0.02)**","0.02(0.01,0.03)***","0.02(0.01,0.04)**","0.02(-0.04,0.09)","0.0032","0.0002","0.0032","0.5671","1.0367","1.0679","1.0249","1.0017",94,41,155,4148,1649,287,2701,2877
"G10","2000_2005","2011_2015",10,"Cluster0_EQI_Water","0.00","0.00(-0.01,0.01)","0.00(-0.01,0.02)","0.00(-0.01,0.02)","0.00(-0.01,0.02)","0.8650","0.6341","0.6731","0.8090","1.0225","1.0223","1.0264","1.0235",2023,2317,2206,2284,1985,1978,868,1195
"G10","2000_2005","2011_2015",10,"Cluster0_EQI_Land","0.00","0.00(-0.01,0.01)","-0.00(-0.01,0.01)","0.00(-0.01,0.01)","-0.00(-0.02,0.01)","0.5221","0.8500","0.6786","0.5696","1.0035","1.0113","1.0096","1.0139",3937,1368,3201,3311,3218,2384,3018,2138
"G10","2000_2005","2011_2015",10,"Cluster0_EQI_Built","0.00","0.00(-0.00,0.01)","0.01(-0.00,0.02)","0.01(-0.01,0.02)","-0.00(-0.02,0.02)","0.1812","0.0727","0.3082","0.8500","1.0051","1.0188","1.0167","1.0773",3353,298,297,34,3256,2586,2394,1059
"G10","2000_2005","2011_2015",10,"Cluster0_EQI_Social","0.00","0.00(-0.00,0.01)","0.00(-0.01,0.01)","0.01(-0.01,0.02)","0.01(-0.01,0.03)","0.1737","0.5086","0.4426","0.4146","1.0345","1.0030","1.0047","1.0015",97,3987,3673,4389,2285,2926,2726,2913
"G10","2000_2005","2016_2020",15,"Cluster0_EQI","0.00","0.01(0.01,0.02)***","0.01(-0.00,0.02)","-0.06(-9.82,9.86)","-0.02(-10.24,9.72)","0.0002","0.0957","0.9785","1.0000","1.0017","1.0015","1.0020","1.0005",5287,6589,5907,6417,3061,2756,2744,2691
"G10","2000_2005","2016_2020",15,"Cluster0_EQI_Air","0.00","0.01(-0.00,0.01)","0.02(0.01,0.03)***","0.02(0.01,0.04)***","0.02(-0.03,0.08)","0.0977","0.0002","0.0002","0.3827","1.0006","1.0007","1.0011","1.0038",5307,4792,3188,5929,3261,3001,3327,3200
"G10","2000_2005","2016_2020",15,"Cluster0_EQI_Water","0.00","-0.00(-0.01,0.01)","0.00(-0.01,0.01)","-0.01(-0.01,0.00)","0.00(-0.01,0.01)","0.9320","0.4706","0.2342","0.8615","0.9998","0.9996","1.0004","1.0013",2986,2580,2849,3441,3192,3035,3027,3092
"G10","2000_2005","2016_2020",15,"Cluster0_EQI_Land","0.00","0.00(-0.00,0.01)","0.00(-0.00,0.01)","-0.00(-0.01,0.00)","-0.00(-0.01,0.01)","0.4341","0.4966","0.3232","0.7141","1.0018","0.9997","1.0016","1.0006",4186,3949,3959,3901,3028,3550,3211,3220
"G10","2000_2005","2016_2020",15,"Cluster0_EQI_Built","0.00","0.01(0.00,0.01)**","0.01(0.00,0.01)*","0.01(-0.00,0.02)","0.01(-0.01,0.02)","0.0012","0.0377","0.2342","0.4086","1.0003","1.0003","1.0000","1.0038",5977,5453,6232,5957,3475,3499,2964,2978
"G10","2000_2005","2016_2020",15,"Cluster0_EQI_Social","0.00","-0.00(-0.01,0.01)","0.00(-0.00,0.01)","0.01(-0.00,0.02)","0.01(-0.00,0.03)","0.9415","0.3442","0.2167","0.1282","1.0005","0.9999","0.9997","1.0007",5687,3956,4539,6086,2594,3156,3017,2998
"G10","2006_2010","2011_2015",5,"Cluster0_EQI","0.00","0.00(-0.01,0.01)","0.01(0.00,0.02)**","0.01(-0.00,0.02)","0.01(-0.00,0.02)","0.4026","0.0042","0.0997","0.2092","1.0142","1.0049","1.0066","1.0323",965,2099,1960,170,1989,2463,2341,2287
"G10","2006_2010","2011_2015",5,"Cluster0_EQI_Air","0.00","-0.00(-0.01,0.01)","0.00(-0.01,0.01)","0.00(-0.01,0.01)","-0.00(-0.02,0.01)","0.8315","0.3957","0.9355","0.6751","1.0244","1.0980","1.1665","1.1275",172,26,16,21,2934,199,171,455
"G10","2006_2010","2011_2015",5,"Cluster0_EQI_Water","0.00","0.00(-0.01,0.01)","0.01(-0.00,0.02)","0.00(-0.01,0.01)","0.01(-0.00,0.02)","0.4526","0.1177","0.6216","0.1192","1.0150","1.0193","1.0180","1.0203",2011,2011,2220,2572,1494,2320,2073,2606
"G10","2006_2010","2011_2015",5,"Cluster0_EQI_Land","0.00","0.01(0.00,0.02)**","0.01(-0.00,0.01)","0.01(-0.00,0.02)","0.00(-0.01,0.01)","0.0072","0.2047","0.0987","0.5046","1.0026","1.0008","1.0032","1.0049",3665,3612,3506,3384,2999,2803,2646,2797
"G10","2006_2010","2011_2015",5,"Cluster0_EQI_Built","0.00","0.01(-0.00,0.01)","0.01(-0.00,0.02)","0.01(0.00,0.02)*","0.01(-0.00,0.02)","0.2422","0.0792","0.0147","0.1862","1.0017","1.0078","1.0103","1.0021",3134,2179,2596,2859,2955,2843,2820,2383
"G10","2006_2010","2011_2015",5,"Cluster0_EQI_Social","0.00","-0.00(-0.04,0.03)","0.00(-0.03,0.04)","-0.01(-0.04,0.03)","-0.01(-0.04,0.02)","0.8420","0.8535","0.6986","0.5866","1.0041","1.0058","1.0063","1.0065",1175,1105,1088,1121,1786,1742,1620,1712
"G10","2006_2010","2016_2020",10,"Cluster0_EQI","0.00","0.00(-0.00,0.01)","0.01(0.00,0.02)*","0.01(0.00,0.02)*","0.01(0.00,0.02)*","0.3357","0.0152","0.0172","0.0102","0.9998","1.0012","1.0002","1.0011",4471,4095,4203,4062,3458,3272,3561,3416
"G10","2006_2010","2016_2020",10,"Cluster0_EQI_Air","0.00","0.00(-0.00,0.01)","-0.00(-0.01,0.00)","0.01(0.00,0.02)*","0.00(-0.00,0.01)","0.3022","0.3877","0.0182","0.3512","0.9995","1.0006","0.9998","1.0008",4567,4186,4309,5065,3280,3078,3742,3133
"G10","2006_2010","2016_2020",10,"Cluster0_EQI_Water","0.00","0.00(-0.00,0.01)","0.01(-0.00,0.02)","0.00(-0.01,0.01)","0.01(-0.00,0.01)","0.3267","0.0522","0.8895","0.2377","1.0005","1.0015","1.0007","1.0007",3930,3599,3687,4349,3097,2988,2877,2962
"G10","2006_2010","2016_2020",10,"Cluster0_EQI_Land","0.00","-0.00(-0.01,0.00)","0.00(-0.00,0.01)","-0.00(-0.01,0.00)","0.00(-0.00,0.01)","0.7101","0.4646","0.5351","0.4641","1.0005","0.9999","1.0014","0.9997",5286,6236,6177,5820,3245,3236,3631,3582
"G10","2006_2010","2016_2020",10,"Cluster0_EQI_Built","0.00","0.00(-0.00,0.01)","0.01(0.00,0.02)*","0.01(0.00,0.02)*","0.01(0.00,0.02)**","0.2347","0.0352","0.0152","0.0082","1.0005","0.9999","1.0007","1.0006",5013,4449,4180,4005,3233,3617,3181,3499
"G10","2006_2010","2016_2020",10,"Cluster0_EQI_Social","0.00","-0.00(-0.03,0.02)","-0.01(-0.03,0.01)","-0.01(-0.03,0.01)","-0.02(-0.04,0.00)","0.8045","0.4246","0.3907","0.1102","1.0008","1.0014","1.0015","1.0015",1599,1491,1496,1496,2181,1908,1908,2038
"G10","2000_2005","2006_2010",5,"Cluster1_EQI","0.00","0.03(-0.01,0.06)","0.07(0.04,0.10)***","0.13(0.09,0.16)***","0.18(0.13,0.23)***","0.1157","0.0002","0.0002","0.0002","1.0017","1.0016","1.0022","1.0011",2482,2529,2575,2891,3325,2707,2575,2650
"G10","2000_2005","2006_2010",5,"Cluster1_EQI_Air","0.00","0.04(0.00,0.07)*","0.07(0.04,0.10)**","0.09(0.05,0.12)***","0.16(0.12,0.20)***","0.0292","0.0012","0.0002","0.0002","1.0002","1.0008","1.0002","1.0009",2391,2134,2250,2200,2619,2588,2871,2753
"G10","2000_2005","2006_2010",5,"Cluster1_EQI_Water","0.00","0.02(-0.01,0.04)","0.01(-0.09,0.12)","-0.15(-9.97,9.46)","-0.09(-9.93,9.54)","0.1657","0.8775","0.9750","0.9900","1.0007","1.0014","1.0018","1.0008",2728,4907,6519,6879,2687,2780,2965,2968
"G10","2000_2005","2006_2010",5,"Cluster1_EQI_Land","0.00","0.00(-0.02,0.03)","0.01(-0.02,0.04)","0.01(-0.03,0.04)","0.03(-0.01,0.06)","0.7326","0.4021","0.6361","0.1037","1.0012","0.9998","1.0011","1.0027",3518,2504,2331,2356,2921,3035,2736,2561
"G10","2000_2005","2006_2010",5,"Cluster1_EQI_Built","0.00","0.01(-0.02,0.04)","0.02(-0.01,0.05)","0.06(0.03,0.09)***","0.04(0.01,0.07)*","0.4936","0.2917","0.0007","0.0217","1.0004","1.0004","1.0025","1.0003",2213,2334,2325,2206,2676,2705,2794,2803
"G10","2000_2005","2006_2010",5,"Cluster1_EQI_Social","0.00","0.01(-0.02,0.04)","0.04(0.01,0.07)*","0.04(0.00,0.07)*","0.07(0.03,0.11)***","0.6631","0.0172","0.0362","0.0007","1.0011","1.0009","1.0021","1.0013",2571,2272,2100,2353,3070,3114,2587,3009
"G10","2000_2005","2011_2015",10,"Cluster1_EQI","0.00","0.07(0.02,0.12)**","0.12(0.07,0.18)***","0.15(0.09,0.21)***","0.32(0.24,0.41)***","0.0077","0.0002","0.0002","0.0002","1.0019","1.0005","1.0004","1.0009",1813,1672,1938,2193,2338,2787,2637,2789
"G10","2000_2005","2011_2015",10,"Cluster1_EQI_Air","0.00","0.03(-0.03,0.08)","0.09(0.03,0.15)**","0.12(0.07,0.18)***","0.21(0.15,0.27)***","0.3532","0.0017","0.0002","0.0002","1.0004","1.0008","1.0015","1.0012",2681,2392,2221,2097,2697,3037,2992,3006
"G10","2000_2005","2011_2015",10,"Cluster1_EQI_Water","0.00","0.01(-0.03,0.05)","0.09(-0.07,0.25)","0.08(-9.95,9.86)","-0.02(-9.53,9.55)","0.5391","0.3087","0.9840","0.9935","1.0006","1.0008","1.0007","1.0008",3882,4770,5818,6447,3042,3064,2890,2803
"G10","2000_2005","2011_2015",10,"Cluster1_EQI_Land","0.00","-0.00(-0.05,0.04)","0.00(-0.05,0.05)","0.02(-0.03,0.07)","0.02(-0.04,0.07)","0.8785","0.8935","0.4971","0.5786","1.0006","1.0004","1.0011","1.0007",3934,3311,3007,3223,3448,3252,3258,3359
"G10","2000_2005","2011_2015",10,"Cluster1_EQI_Built","0.00","0.03(-0.02,0.08)","0.07(0.01,0.12)*","0.10(0.04,0.16)***","0.04(-0.02,0.10)","0.3012","0.0227","0.0007","0.1522","1.0016","1.0013","1.0019","1.0023",2517,2330,2147,2357,2274,2536,2958,2632
"G10","2000_2005","2011_2015",10,"Cluster1_EQI_Social","0.00","0.02(-0.03,0.08)","0.01(-0.05,0.06)","0.06(0.00,0.12)*","0.06(-0.00,0.12)","0.3892","0.8385","0.0452","0.0637","1.0008","1.0007","1.0017","1.0029",3317,2770,2557,2622,3096,2684,2927,2690
"G10","2000_2005","2016_2020",15,"Cluster1_EQI","0.00","0.01(-0.03,0.05)","0.07(0.03,0.11)**","0.13(0.08,0.18)***","0.17(0.11,0.24)***","0.5161","0.0012","0.0002","0.0002","1.0033","1.0029","1.0024","1.0014",2523,2525,2551,3029,2928,2889,3392,3172
"G10","2000_2005","2016_2020",15,"Cluster1_EQI_Air","0.00","0.04(0.00,0.09)*","0.10(0.06,0.15)***","0.14(0.10,0.19)***","0.20(0.15,0.25)***","0.0347","0.0002","0.0002","0.0002","1.0000","1.0007","1.0006","1.0000",3358,3008,2732,2783,3091,3116,2507,2725
"G10","2000_2005","2016_2020",15,"Cluster1_EQI_Water","0.00","-0.02(-0.05,0.02)","0.04(-0.11,0.18)","-0.03(-9.75,9.82)","-0.07(-9.66,9.61)","0.3597","0.6481","0.9915","0.9925","0.9997","1.0016","1.0005","1.0005",3920,6204,5877,7744,2999,3096,2599,2956
"G10","2000_2005","2016_2020",15,"Cluster1_EQI_Land","0.00","-0.00(-0.04,0.03)","0.02(-0.02,0.06)","0.03(-0.02,0.07)","0.04(-0.00,0.09)","0.8870","0.3702","0.2102","0.0602","1.0005","1.0018","1.0025","1.0014",3409,3172,2780,3051,3305,3125,2711,2466
"G10","2000_2005","2016_2020",15,"Cluster1_EQI_Built","0.00","-0.00(-0.05,0.04)","0.01(-0.03,0.06)","0.02(-0.02,0.07)","-0.00(-0.05,0.04)","0.9390","0.5841","0.3442","0.8980","1.0002","1.0017","1.0018","1.0002",2917,2738,2594,2759,3085,3018,3013,2901
"G10","2000_2005","2016_2020",15,"Cluster1_EQI_Social","0.00","0.03(-0.01,0.07)","0.04(-0.00,0.08)","0.06(0.01,0.10)*","0.06(0.01,0.11)*","0.1472","0.0722","0.0102","0.0187","1.0016","1.0004","1.0010","1.0008",3232,2752,2563,2730,3389,3277,3108,3200
"G10","2006_2010","2011_2015",5,"Cluster1_EQI","0.00","0.07(0.03,0.12)**","0.06(0.01,0.11)*","0.06(0.01,0.12)*","0.04(-0.02,0.10)","0.0022","0.0162","0.0282","0.2312","1.0009","1.0007","1.0012","1.0010",2076,1732,2014,1743,2774,2872,2418,2586
"G10","2006_2010","2011_2015",5,"Cluster1_EQI_Air","0.00","0.02(-0.03,0.08)","0.03(-0.03,0.08)","0.02(-0.03,0.08)","0.00(-0.06,0.06)","0.3457","0.3287","0.4076","0.9525","1.0018","1.0023","1.0020","1.0018",2103,1917,1752,1840,2234,2506,2288,1953
"G10","2006_2010","2011_2015",5,"Cluster1_EQI_Water","0.00","-0.00(-0.04,0.03)","-0.04(-0.17,0.09)","-0.01(-0.13,0.12)","0.00(-10.14,9.73)","0.8245","0.5491","0.8950","0.9895","1.0014","1.0009","1.0006","1.0010",3167,4283,4132,4211,2832,2884,2893,2798
"G10","2006_2010","2011_2015",5,"Cluster1_EQI_Land","0.00","0.06(0.01,0.11)*","0.06(0.01,0.11)*","0.06(0.01,0.11)*","0.03(-0.02,0.08)","0.0282","0.0202","0.0252","0.2642","1.0023","1.0019","1.0008","1.0014",2081,1900,2021,1924,2431,2246,2849,2723
"G10","2006_2010","2011_2015",5,"Cluster1_EQI_Built","0.00","0.04(-0.01,0.09)","0.08(0.02,0.13)**","0.02(-0.03,0.08)","0.00(-0.05,0.06)","0.1177","0.0047","0.3742","0.9275","1.0034","1.0033","1.0049","1.0037",1859,2332,1648,1906,2620,2769,2217,2876
"G10","2006_2010","2011_2015",5,"Cluster1_EQI_Social","0.00","-0.10(-0.15,-0.05)***","-0.15(-0.21,-0.10)***","-0.22(-0.27,-0.16)***","-0.21(-0.28,-0.14)***","0.0002","0.0002","0.0002","0.0002","1.0006","1.0016","1.0010","1.0005",1952,1797,1667,1822,2435,2274,2355,2719
"G10","2006_2010","2016_2020",10,"Cluster1_EQI","0.00","0.09(0.05,0.12)***","0.10(0.06,0.14)***","0.06(0.02,0.10)**","0.09(0.03,0.14)**","0.0002","0.0002","0.0042","0.0022","1.0008","1.0007","1.0007","1.0014",2063,1895,1936,2130,2481,2804,2568,2729
"G10","2006_2010","2016_2020",10,"Cluster1_EQI_Air","0.00","0.04(0.01,0.09)*","0.03(-0.01,0.08)","0.03(-0.02,0.08)","0.01(-0.03,0.06)","0.0297","0.0967","0.2127","0.5586","1.0008","1.0008","1.0006","1.0006",2722,2180,2304,2584,2597,2570,2689,2996
"G10","2006_2010","2016_2020",10,"Cluster1_EQI_Water","0.00","0.01(-0.02,0.04)","0.04(-0.08,0.16)","-0.01(-0.10,0.09)","0.01(-10.02,10.01)","0.6496","0.5301","0.8800","0.9895","0.9997","1.0010","1.0005","1.0028",4023,4598,4920,5892,2994,2987,2970,2443
"G10","2006_2010","2016_2020",10,"Cluster1_EQI_Land","0.00","0.02(-0.02,0.06)","0.06(0.02,0.10)**","0.05(0.01,0.09)*","0.05(0.01,0.09)*","0.3442","0.0042","0.0132","0.0247","0.9999","1.0005","1.0002","1.0004",2750,2549,2550,2632,2905,3083,3060,2757
"G10","2006_2010","2016_2020",10,"Cluster1_EQI_Built","0.00","0.03(-0.01,0.06)","0.06(0.01,0.10)*","0.05(0.01,0.09)*","0.03(-0.01,0.08)","0.1237","0.0127","0.0237","0.1252","1.0009","1.0002","1.0009","1.0000",3087,2983,2579,2716,2642,2999,2139,2384
"G10","2006_2010","2016_2020",10,"Cluster1_EQI_Social","0.00","-0.06(-0.10,-0.02)**","-0.13(-0.17,-0.09)***","-0.18(-0.23,-0.14)***","-0.18(-0.23,-0.12)***","0.0027","0.0002","0.0002","0.0002","0.9995","0.9996","1.0000","1.0003",2608,2380,2250,2571,3190,2905,2523,2743
"G10","2000_2005","2006_2010",5,"Cluster2_EQI","0.00","-0.03(-9.94,9.50)","-0.21(-5.01,4.66)","-0.16(-4.96,4.70)","-0.07(-4.87,4.81)","0.9935","0.9465","0.9610","0.9870","1.0025","1.0018","1.0017","1.0017",4598,1036,1036,1035,3298,1848,1839,1867
"G10","2000_2005","2006_2010",5,"Cluster2_EQI_Air","0.00","0.04(0.00,0.08)*","0.07(0.03,0.11)***","0.14(0.10,0.17)***","0.20(0.16,0.24)***","0.0407","0.0007","0.0002","0.0002","0.9998","1.0001","0.9999","1.0001",2169,2217,2045,1981,2937,2698,2945,2741
"G10","2000_2005","2006_2010",5,"Cluster2_EQI_Water","0.00","0.11(-4.23,4.39)","0.10(-4.26,4.37)","0.12(-4.22,4.39)","0.11(-4.25,4.38)","0.9485","0.9520","0.9455","0.9500","1.0024","1.0024","1.0024","1.0024",1276,1276,1275,1275,1843,1808,1825,1825
"G10","2000_2005","2006_2010",5,"Cluster2_EQI_Land","0.00","0.04(-0.01,0.08)","0.06(0.01,0.10)*","0.03(-0.01,0.08)","0.04(-0.01,0.09)","0.1297","0.0202","0.1767","0.1022","1.0042","1.0049","1.0051","1.0042",1743,1580,1538,1549,2036,1977,1956,1721
"G10","2000_2005","2006_2010",5,"Cluster2_EQI_Built","0.00","0.04(-0.01,0.08)","0.06(0.02,0.10)*","0.08(0.03,0.12)**","0.10(0.06,0.15)***","0.0957","0.0112","0.0022","0.0007","1.0029","1.0028","1.0037","1.0036",1870,1759,1769,1768,2064,1996,2227,1874
"G10","2000_2005","2006_2010",5,"Cluster2_EQI_Social","0.00","-0.03(-0.09,0.03)","-0.02(-0.08,0.03)","0.01(-0.05,0.07)","-0.01(-0.07,0.05)","0.3527","0.3997","0.6941","0.7526","1.0023","1.0005","1.0025","1.0025",1613,1640,1625,1669,2224,2416,2372,2444
"G10","2000_2005","2011_2015",10,"Cluster2_EQI","0.00","-0.03(-9.84,9.69)","0.04(-4.93,5.08)","0.11(-4.84,5.15)","0.21(-4.74,5.24)","0.9980","0.9850","0.9610","0.9205","1.0012","1.0005","1.0006","1.0005",4311,919,919,919,2851,1369,1369,1364
"G10","2000_2005","2011_2015",10,"Cluster2_EQI_Air","0.00","0.05(0.01,0.10)*","0.10(0.06,0.15)***","0.16(0.12,0.21)***","0.20(0.15,0.24)***","0.0182","0.0002","0.0002","0.0002","1.0017","1.0014","1.0015","1.0021",1815,1629,1645,1705,2070,2257,1981,2214
"G10","2000_2005","2011_2015",10,"Cluster2_EQI_Water","0.00","-0.00(-4.38,4.45)","0.02(-4.36,4.44)","0.05(-4.34,4.48)","0.02(-4.36,4.44)","0.9985","0.9945","0.9825","0.9910","1.0014","1.0014","1.0014","1.0014",1241,1243,1243,1241,1627,1627,1587,1627
"G10","2000_2005","2011_2015",10,"Cluster2_EQI_Land","0.00","0.01(-0.04,0.06)","0.04(-0.01,0.09)","0.02(-0.03,0.08)","0.02(-0.03,0.08)","0.6481","0.1367","0.4211","0.3697","1.0016","1.0019","1.0014","1.0014",2007,1885,1811,1854,2741,2522,2128,2264
"G10","2000_2005","2011_2015",10,"Cluster2_EQI_Built","0.00","0.06(0.01,0.11)*","0.11(0.06,0.15)***","0.13(0.08,0.18)***","0.12(0.07,0.17)***","0.0257","0.0002","0.0002","0.0002","1.0005","1.0014","1.0009","1.0010",2324,2110,2056,2018,2552,2580,2408,2155
"G10","2000_2005","2011_2015",10,"Cluster2_EQI_Social","0.00","0.03(-0.03,0.10)","0.05(-0.01,0.12)","0.08(0.01,0.14)*","0.09(0.03,0.16)**","0.3152","0.0902","0.0187","0.0062","1.0023","1.0027","1.0024","1.0019",1633,1472,1453,1515,2075,2015,1824,2049
"G10","2000_2005","2016_2020",15,"Cluster2_EQI","0.00","0.04(-9.70,9.78)","0.02(-4.77,5.08)","0.09(-4.72,5.17)","0.21(-4.56,5.29)","0.9935","0.9980","0.9835","0.9400","1.0007","1.0029","1.0029","1.0029",3822,986,987,986,2459,1381,1396,1371
"G10","2000_2005","2016_2020",15,"Cluster2_EQI_Air","0.00","0.06(0.01,0.11)**","0.11(0.06,0.16)***","0.18(0.13,0.23)***","0.26(0.21,0.30)***","0.0082","0.0002","0.0002","0.0002","1.0013","1.0011","1.0007","1.0015",2223,2110,2018,2021,2786,2272,1937,2324
"G10","2000_2005","2016_2020",15,"Cluster2_EQI_Water","0.00","-0.06(-4.44,4.33)","-0.04(-4.42,4.33)","-0.03(-4.41,4.35)","-0.04(-4.42,4.34)","0.9945","0.9970","0.9945","0.9970","1.0043","1.0045","1.0045","1.0043",1463,1462,1462,1462,2192,2179,2172,2191
"G10","2000_2005","2016_2020",15,"Cluster2_EQI_Land","0.00","0.00(-0.05,0.06)","0.04(-0.02,0.09)","0.04(-0.02,0.10)","0.04(-0.02,0.09)","0.8860","0.1657","0.1862","0.1997","1.0010","1.0019","1.0020","1.0010",2301,2073,1955,1964,2859,2482,2525,2324
"G10","2000_2005","2016_2020",15,"Cluster2_EQI_Built","0.00","-0.00(-0.06,0.05)","0.03(-0.03,0.08)","0.03(-0.03,0.08)","0.05(-0.00,0.11)","0.8760","0.3312","0.3812","0.0547","1.0007","1.0009","1.0013","1.0007",2368,2149,2183,2048,2721,2367,2405,2569
"G10","2000_2005","2016_2020",15,"Cluster2_EQI_Social","0.00","0.02(-0.05,0.08)","0.03(-0.03,0.10)","0.03(-0.04,0.10)","0.06(-0.01,0.13)","0.6346","0.3267","0.3802","0.0722","0.9998","1.0002","1.0012","1.0011",2168,2120,2150,2182,2858,2429,2482,2775
"G10","2006_2010","2011_2015",5,"Cluster2_EQI","0.00","0.06(0.02,0.10)**","0.09(0.05,0.13)***","0.08(0.04,0.12)***","0.12(0.08,0.16)***","0.0057","0.0002","0.0002","0.0002","1.0009","1.0029","1.0017","1.0019",1751,1734,1558,1498,2174,2049,2067,1925
"G10","2006_2010","2011_2015",5,"Cluster2_EQI_Air","0.00","0.06(0.02,0.09)**","0.05(0.01,0.09)*","0.03(-0.01,0.07)","0.02(-0.02,0.06)","0.0047","0.0182","0.1477","0.3617","1.0002","1.0007","1.0003","1.0000",2817,2583,2719,2659,3119,2891,3211,3299
"G10","2006_2010","2011_2015",5,"Cluster2_EQI_Water","0.00","-0.05(-0.18,0.08)","-0.03(-0.15,0.09)","0.01(-0.12,0.12)","-0.01(-0.13,0.11)","0.4591","0.6611","0.8770","0.9125","1.0038","1.0044","1.0039","1.0033",1426,1359,1368,1399,1977,1660,1961,1836
"G10","2006_2010","2011_2015",5,"Cluster2_EQI_Land","0.00","0.02(-0.01,0.06)","0.04(0.00,0.08)*","0.05(0.01,0.09)*","0.05(0.01,0.09)**","0.2472","0.0447","0.0102","0.0062","1.0006","0.9999","1.0011","1.0004",3247,2715,2535,2286,3223,2991,3008,3051
"G10","2006_2010","2011_2015",5,"Cluster2_EQI_Built","0.00","0.06(0.02,0.09)**","0.08(0.05,0.12)***","0.07(0.03,0.11)***","0.06(0.02,0.10)**","0.0037","0.0002","0.0007","0.0047","1.0006","1.0013","1.0007","1.0005",2634,2341,2441,2562,2984,2959,3194,3249
"G10","2006_2010","2011_2015",5,"Cluster2_EQI_Social","0.00","-0.08(-0.12,-0.05)***","-0.16(-0.19,-0.12)***","-0.21(-0.26,-0.17)***","-0.19(-0.28,-0.11)***","0.0002","0.0002","0.0002","0.0007","1.0007","0.9999","1.0005","1.0010",3095,2628,2655,4320,3155,2973,2931,3446
"G10","2006_2010","2016_2020",10,"Cluster2_EQI","0.00","0.04(-0.01,0.09)","0.05(0.01,0.10)*","0.09(0.04,0.13)**","0.16(0.11,0.21)***","0.1157","0.0307","0.0017","0.0002","1.0040","1.0032","1.0029","1.0051",2135,1963,1939,1652,2657,2728,2625,2432
"G10","2006_2010","2016_2020",10,"Cluster2_EQI_Air","0.00","-0.01(-0.05,0.03)","-0.02(-0.06,0.02)","-0.02(-0.06,0.03)","-0.01(-0.06,0.03)","0.6876","0.3517","0.4421","0.5281","1.0009","1.0004","1.0001","1.0005",2176,2201,2273,1946,2988,2937,2539,2499
"G10","2006_2010","2016_2020",10,"Cluster2_EQI_Water","0.00","-0.00(-0.13,0.11)","0.01(-0.11,0.11)","0.00(-0.11,0.11)","0.03(-0.08,0.14)","0.9775","0.8575","0.9275","0.5691","1.0004","1.0015","1.0012","1.0004",1570,1449,1415,1422,2531,2358,2472,2338
"G10","2006_2010","2016_2020",10,"Cluster2_EQI_Land","0.00","0.03(-0.01,0.07)","0.05(0.01,0.10)*","0.04(0.00,0.09)*","0.06(0.01,0.10)*","0.1782","0.0167","0.0467","0.0162","1.0011","1.0004","1.0002","1.0006",2850,2553,2345,2107,2750,2775,3040,2665
"G10","2006_2010","2016_2020",10,"Cluster2_EQI_Built","0.00","0.03(-0.01,0.06)","0.07(0.03,0.11)**","0.07(0.03,0.12)**","0.10(0.05,0.14)***","0.1677","0.0012","0.0012","0.0002","1.0007","1.0005","1.0015","1.0009",3172,2479,2534,2694,3203,2697,2373,2784
"G10","2006_2010","2016_2020",10,"Cluster2_EQI_Social","0.00","-0.11(-0.15,-0.08)***","-0.20(-0.24,-0.16)***","-0.26(-0.31,-0.21)***","-0.30(-0.40,-0.21)***","0.0002","0.0002","0.0002","0.0002","0.9998","0.9999","0.9996","0.9994",2867,2554,2439,3688,3185,3220,2575,2981
