ICD_Code,EQI_Period,AAMR_Period,Lag,Model,Q1,Q2,Q3,Q4,Q5,Q2_p,Q3_p,Q4_p,Q5_p,Q2_rhat,Q3_rhat,Q4_rhat,Q5_rhat,Q2_ess_bulk,Q3_ess_bulk,Q4_ess_bulk,Q5_ess_bulk,Q2_ess_tail,Q3_ess_tail,Q4_ess_tail,Q5_ess_tail,SM,SM_p,SM_rhat,SM_ess_bulk,SM_ess_tail,PA,PA_p,PA_rhat,PA_ess_bulk,PA_ess_tail,OB,OB_p,OB_rhat,OB_ess_bulk,OB_ess_tail,UN,UN_p,UN_rhat,UN_ess_bulk,UN_ess_tail,PD,PD_p,PD_rhat,PD_ess_bulk,PD_ess_tail,DB,DB_p,DB_rhat,DB_ess_bulk,DB_ess_tail,FC,FC_p,FC_rhat,FC_ess_bulk,FC_ess_tail
I00_I99,2000_2005,2006_2010,5,EQI+SM+PA+OB+UN,0.00,"15.38(12.11,18.66)","14.80(11.38,18.23)","12.89(9.03,16.63)","15.11(10.61,19.39)",0.0002,0.0002,0.0002,0.0002,1.0031,1.0027,1.0047,1.0029,2596,1993,1802,1640,2811,2673,2343,2395,"6.64(6.19,7.11)",0.0002,1.0021,2477,2679,"-0.57(-0.75,-0.39)",0.0002,1.0029,1182,2214,"4.05(3.65,4.44)",0.0002,1.0047,2064,2348,"-3.04(-3.43,-2.65)",0.0002,1.0026,2148,2886,,NA,NA,NA,NA,,NA,NA,NA,NA,,NA,NA,NA,NA
"I00_I99","2000_2005","2006_2010",5,"EQI_Air+SM+PA+OB+UN","0.00","15.93(12.56,19.34)","15.99(12.38,19.49)","12.56(8.76,16.18)","13.38(9.24,17.53)","0.0002","0.0002","0.0002","0.0002","1.0032","1.0014","1.0014","1.0013",3182,2894,2733,2804,2736,3150,3491,3193,"6.25(5.80,6.72)","0.0002","1.0001",3585,3462,"-0.36(-0.56,-0.14)","0.0015","1.0012",1635,2471,"3.76(3.36,4.13)","0.0002","1.0011",3291,3549,"-3.12(-3.52,-2.72)","0.0002","1.0028",2739,3662,"",NA,"NA",NA,NA,"",NA,"NA",NA,NA,"",NA,"NA",NA,NA
"I00_I99","2000_2005","2006_2010",5,"EQI_Water+SM+PA+OB+UN","0.00","-2.86(-6.95,1.15)","1.05(-3.21,5.37)","2.21(-2.14,6.60)","3.90(-0.63,8.41)","0.1752","0.6351","0.3168","0.0977","1.0014","1.0017","1.0015","1.0009",2803,2670,2484,2567,2574,3314,3405,3383,"6.25(5.80,6.72)","0.0002","1.0001",3585,3462,"-0.36(-0.56,-0.14)","0.0015","1.0012",1635,2471,"3.76(3.36,4.13)","0.0002","1.0011",3291,3549,"-3.12(-3.52,-2.72)","0.0002","1.0028",2739,3662,"",NA,"NA",NA,NA,"",NA,"NA",NA,NA,"",NA,"NA",NA,NA
"I00_I99","2000_2005","2006_2010",5,"EQI_Land+SM+PA+OB+UN","0.00","-1.82(-4.99,1.33)","-0.05(-3.45,3.29)","6.03(2.20,9.75)","6.05(2.09,9.89)","0.2589","0.9821","0.0027","0.0040","1.0001","1.0021","1.0006","1.0000",3722,3080,2798,2871,3741,3475,3371,3478,"6.25(5.80,6.72)","0.0002","1.0001",3585,3462,"-0.36(-0.56,-0.14)","0.0015","1.0012",1635,2471,"3.76(3.36,4.13)","0.0002","1.0011",3291,3549,"-3.12(-3.52,-2.72)","0.0002","1.0028",2739,3662,"",NA,"NA",NA,NA,"",NA,"NA",NA,NA,"",NA,"NA",NA,NA
"I00_I99","2000_2005","2006_2010",5,"EQI_Built+SM+PA+OB+UN","0.00","12.36(9.11,15.60)","15.82(12.43,19.12)","16.01(12.70,19.43)","20.64(17.04,24.36)","0.0002","0.0002","0.0002","0.0002","1.0008","1.0016","1.0032","1.0025",3492,3369,2935,2801,3356,3551,3435,3529,"6.25(5.80,6.72)","0.0002","1.0001",3585,3462,"-0.36(-0.56,-0.14)","0.0015","1.0012",1635,2471,"3.76(3.36,4.13)","0.0002","1.0011",3291,3549,"-3.12(-3.52,-2.72)","0.0002","1.0028",2739,3662,"",NA,"NA",NA,NA,"",NA,"NA",NA,NA,"",NA,"NA",NA,NA
"I00_I99","2000_2005","2006_2010",5,"EQI_Social+SM+PA+OB+UN","0.00","-1.78(-5.07,1.45)","-9.18(-12.74,-5.73)","-12.92(-16.87,-8.99)","-17.72(-22.45,-13.02)","0.2747","0.0002","0.0002","0.0002","1.0013","1.0002","1.0010","1.0016",3330,2758,2546,2301,3846,3246,3247,2938,"6.25(5.80,6.72)","0.0002","1.0001",3585,3462,"-0.36(-0.56,-0.14)","0.0015","1.0012",1635,2471,"3.76(3.36,4.13)","0.0002","1.0011",3291,3549,"-3.12(-3.52,-2.72)","0.0002","1.0028",2739,3662,"",NA,"NA",NA,NA,"",NA,"NA",NA,NA,"",NA,"NA",NA,NA
"I00_I99","2000_2005","2006_2010",5,"EQI+SM+PA+OB+PD","0.00","17.68(14.47,20.97)","19.28(15.97,22.60)","18.64(14.93,22.40)","20.96(16.86,25.34)","0.0002","0.0002","0.0002","0.0002","1.0010","1.0010","1.0014","1.0032",2505,2061,2050,1893,3349,3013,3144,2849,"6.45(6.00,6.91)","0.0002","1.0018",2025,2817,"-1.18(-1.35,-1.00)","0.0002","1.0023",1406,2612,"4.12(3.73,4.50)","0.0002","1.0025",1666,2639,"",NA,"NA",NA,NA,"0.06(0.05,0.07)","0.0002","1.0000",3978,3498,"",NA,"NA",NA,NA,"",NA,"NA",NA,NA
"I00_I99","2000_2005","2006_2010",5,"EQI_Air+SM+PA+OB+PD","0.00","18.89(15.46,22.21)","20.92(17.40,24.41)","17.38(13.78,21.15)","17.10(13.01,21.32)","0.0002","0.0002","0.0002","0.0002","1.0022","1.0015","1.0016","1.0016",3322,2691,2557,2463,3535,3650,3553,2953,"6.28(5.82,6.73)","0.0002","1.0003",3287,3453,"-1.05(-1.25,-0.85)","0.0002","1.0018",1937,2848,"3.70(3.31,4.09)","0.0002","1.0034",2619,3348,"",NA,"NA",NA,NA,"0.04(0.03,0.06)","0.0002","1.0003",4794,3813,"",NA,"NA",NA,NA,"",NA,"NA",NA,NA
"I00_I99","2000_2005","2006_2010",5,"EQI_Water+SM+PA+OB+PD","0.00","-3.78(-7.79,0.40)","1.26(-2.99,5.43)","2.74(-1.45,6.97)","2.65(-1.83,7.32)","0.0814","0.5505","0.1977","0.2585","1.0009","1.0008","1.0003","1.0006",2560,2495,2461,2428,3171,3181,3148,2414,"6.28(5.82,6.73)","0.0002","1.0003",3287,3453,"-1.05(-1.25,-0.85)","0.0002","1.0018",1937,2848,"3.70(3.31,4.09)","0.0002","1.0034",2619,3348,"",NA,"NA",NA,NA,"0.04(0.03,0.06)","0.0002","1.0003",4794,3813,"",NA,"NA",NA,NA,"",NA,"NA",NA,NA
"I00_I99","2000_2005","2006_2010",5,"EQI_Land+SM+PA+OB+PD","0.00","-2.92(-6.22,0.41)","-1.43(-4.80,1.99)","4.24(0.50,8.11)","4.78(0.88,8.98)","0.0864","0.4010","0.0281","0.0219","1.0012","1.0016","1.0005","1.0011",3795,2980,2757,2734,3588,3265,3300,3867,"6.28(5.82,6.73)","0.0002","1.0003",3287,3453,"-1.05(-1.25,-0.85)","0.0002","1.0018",1937,2848,"3.70(3.31,4.09)","0.0002","1.0034",2619,3348,"",NA,"NA",NA,NA,"0.04(0.03,0.06)","0.0002","1.0003",4794,3813,"",NA,"NA",NA,NA,"",NA,"NA",NA,NA
"I00_I99","2000_2005","2006_2010",5,"EQI_Built+SM+PA+OB+PD","0.00","13.76(10.58,16.94)","16.97(13.68,20.22)","16.61(13.21,20.03)","18.14(14.44,21.96)","0.0002","0.0002","0.0002","0.0002","1.0011","1.0015","1.0017","1.0006",3725,3324,3187,3049,3342,3660,3534,3602,"6.28(5.82,6.73)","0.0002","1.0003",3287,3453,"-1.05(-1.25,-0.85)","0.0002","1.0018",1937,2848,"3.70(3.31,4.09)","0.0002","1.0034",2619,3348,"",NA,"NA",NA,NA,"0.04(0.03,0.06)","0.0002","1.0003",4794,3813,"",NA,"NA",NA,NA,"",NA,"NA",NA,NA
"I00_I99","2000_2005","2006_2010",5,"EQI_Social+SM+PA+OB+PD","0.00","0.13(-3.17,3.43)","-4.36(-7.82,-0.75)","-4.73(-8.52,-0.87)","-4.22(-8.89,0.34)","0.9346","0.0160","0.0181","0.0664","1.0008","1.0000","1.0001","1.0004",3389,2730,2403,2208,3572,3657,3260,2908,"6.28(5.82,6.73)","0.0002","1.0003",3287,3453,"-1.05(-1.25,-0.85)","0.0002","1.0018",1937,2848,"3.70(3.31,4.09)","0.0002","1.0034",2619,3348,"",NA,"NA",NA,NA,"0.04(0.03,0.06)","0.0002","1.0003",4794,3813,"",NA,"NA",NA,NA,"",NA,"NA",NA,NA
"I00_I99","2000_2005","2006_2010",5,"EQI+SM+PA+OB+DB","0.00","19.30(16.09,22.55)","21.24(17.83,24.64)","21.85(18.06,25.59)","23.03(18.73,27.40)","0.0002","0.0002","0.0002","0.0002","1.0008","1.0022","1.0024","1.0027",2963,2507,1970,1869,3452,3047,2918,2990,"6.31(5.87,6.77)","0.0002","1.0019",3168,3252,"-0.62(-0.79,-0.44)","0.0002","1.0008",1933,2869,"0.72(0.13,1.31)","0.0144","1.0006",2272,3064,"",NA,"NA",NA,NA,"",NA,"NA",NA,NA,"10.94(9.36,12.49)","0.0002","0.9998",2415,3295,"",NA,"NA",NA,NA
"I00_I99","2000_2005","2006_2010",5,"EQI_Air+SM+PA+OB+DB","0.00","17.92(14.47,21.32)","19.54(16.05,23.25)","15.76(11.96,19.52)","14.04(9.82,18.14)","0.0002","0.0002","0.0002","0.0002","1.0006","1.0003","1.0025","1.0017",3077,2594,1840,1873,3661,3450,2919,3143,"6.18(5.71,6.63)","0.0002","1.0013",3293,3550,"-0.68(-0.87,-0.48)","0.0002","1.0008",1522,2639,"1.04(0.46,1.61)","0.0006","1.0003",2094,3041,"",NA,"NA",NA,NA,"",NA,"NA",NA,NA,"8.95(7.32,10.65)","0.0002","1.0014",1966,3065,"",NA,"NA",NA,NA
"I00_I99","2000_2005","2006_2010",5,"EQI_Water+SM+PA+OB+DB","0.00","-4.10(-8.26,-0.07)","0.82(-3.35,5.00)","2.03(-2.19,6.25)","2.34(-2.13,6.89)","0.0464","0.6892","0.3447","0.3160","1.0025","1.0026","1.0031","1.0038",2237,1822,2035,2203,3184,3065,2842,3264,"6.18(5.71,6.63)","0.0002","1.0013",3293,3550,"-0.68(-0.87,-0.48)","0.0002","1.0008",1522,2639,"1.04(0.46,1.61)","0.0006","1.0003",2094,3041,"",NA,"NA",NA,NA,"",NA,"NA",NA,NA,"8.95(7.32,10.65)","0.0002","1.0014",1966,3065,"",NA,"NA",NA,NA
"I00_I99","2000_2005","2006_2010",5,"EQI_Land+SM+PA+OB+DB","0.00","-3.08(-6.24,0.05)","-1.50(-4.84,1.86)","4.10(0.30,7.86)","5.44(1.44,9.38)","0.0531","0.3930","0.0344","0.0085","1.0007","1.0010","1.0007","1.0012",3834,3009,2584,2371,3831,3676,3279,3198,"6.18(5.71,6.63)","0.0002","1.0013",3293,3550,"-0.68(-0.87,-0.48)","0.0002","1.0008",1522,2639,"1.04(0.46,1.61)","0.0006","1.0003",2094,3041,"",NA,"NA",NA,NA,"",NA,"NA",NA,NA,"8.95(7.32,10.65)","0.0002","1.0014",1966,3065,"",NA,"NA",NA,NA
"I00_I99","2000_2005","2006_2010",5,"EQI_Built+SM+PA+OB+DB","0.00","14.53(11.33,17.65)","17.97(14.62,21.26)","18.24(14.84,21.61)","21.37(17.80,24.89)","0.0002","0.0002","0.0002","0.0002","1.0017","1.0020","1.0018","1.0008",3192,2794,2728,2553,3594,3302,2963,3394,"6.18(5.71,6.63)","0.0002","1.0013",3293,3550,"-0.68(-0.87,-0.48)","0.0002","1.0008",1522,2639,"1.04(0.46,1.61)","0.0006","1.0003",2094,3041,"",NA,"NA",NA,NA,"",NA,"NA",NA,NA,"8.95(7.32,10.65)","0.0002","1.0014",1966,3065,"",NA,"NA",NA,NA
"I00_I99","2000_2005","2006_2010",5,"EQI_Social+SM+PA+OB+DB","0.00","3.33(0.03,6.64)","-0.69(-4.24,2.94)","-0.69(-4.49,3.18)","-0.85(-5.21,3.65)","0.0477","0.7101","0.7380","0.7130","1.0009","1.0011","1.0011","1.0013",2840,2454,2224,2085,3057,3272,3099,2738,"6.18(5.71,6.63)","0.0002","1.0013",3293,3550,"-0.68(-0.87,-0.48)","0.0002","1.0008",1522,2639,"1.04(0.46,1.61)","0.0006","1.0003",2094,3041,"",NA,"NA",NA,NA,"",NA,"NA",NA,NA,"8.95(7.32,10.65)","0.0002","1.0014",1966,3065,"",NA,"NA",NA,NA
"I00_I99","2000_2005","2006_2010",5,"EQI+SM+PA+OB+FC","0.00","18.17(14.75,21.51)","20.54(17.05,23.87)","22.13(18.39,25.77)","27.32(23.03,31.51)","0.0002","0.0002","0.0002","0.0002","1.0008","1.0016","1.0013","1.0019",3035,2546,2107,2033,3244,3304,2981,3082,"6.20(5.72,6.68)","0.0002","1.0014",2314,2835,"-0.95(-1.12,-0.78)","0.0002","1.0054",1331,2157,"3.83(3.42,4.24)","0.0002","1.0009",2193,2696,"",NA,"NA",NA,NA,"",NA,"NA",NA,NA,"",NA,"NA",NA,NA,"0.08(0.02,0.14)","0.0106","1.0013",3003,3608
"I00_I99","2000_2005","2006_2010",5,"EQI_Air+SM+PA+OB+FC","0.00","18.84(15.48,22.29)","21.24(17.78,24.97)","18.98(15.19,22.61)","21.17(17.03,25.21)","0.0002","0.0002","0.0002","0.0002","1.0001","1.0010","1.0017","1.0009",3348,2928,2733,2427,3536,3546,3221,3278,"6.03(5.58,6.50)","0.0002","1.0000",3285,3785,"-0.90(-1.10,-0.70)","0.0002","1.0007",2085,2865,"3.56(3.16,3.95)","0.0002","1.0012",2893,3120,"",NA,"NA",NA,NA,"",NA,"NA",NA,NA,"",NA,"NA",NA,NA,"0.08(0.01,0.14)","0.0173","1.0005",3850,3339
"I00_I99","2000_2005","2006_2010",5,"EQI_Water+SM+PA+OB+FC","0.00","-4.81(-8.90,-0.72)","0.32(-3.93,4.38)","1.97(-2.34,6.26)","2.04(-2.62,6.62)","0.0198","0.8867","0.3547","0.3776","1.0012","1.0014","0.9999","1.0007",2586,2541,2658,2300,3008,3451,3026,3210,"6.03(5.58,6.50)","0.0002","1.0000",3285,3785,"-0.90(-1.10,-0.70)","0.0002","1.0007",2085,2865,"3.56(3.16,3.95)","0.0002","1.0012",2893,3120,"",NA,"NA",NA,NA,"",NA,"NA",NA,NA,"",NA,"NA",NA,NA,"0.08(0.01,0.14)","0.0173","1.0005",3850,3339
"I00_I99","2000_2005","2006_2010",5,"EQI_Land+SM+PA+OB+FC","0.00","-2.95(-6.17,0.22)","-1.14(-4.58,2.28)","4.91(1.07,8.76)","5.60(1.46,9.82)","0.0706","0.5109","0.0123","0.0081","1.0009","1.0004","1.0008","1.0003",3818,3179,2890,2789,3709,3985,3566,3186,"6.03(5.58,6.50)","0.0002","1.0000",3285,3785,"-0.90(-1.10,-0.70)","0.0002","1.0007",2085,2865,"3.56(3.16,3.95)","0.0002","1.0012",2893,3120,"",NA,"NA",NA,NA,"",NA,"NA",NA,NA,"",NA,"NA",NA,NA,"0.08(0.01,0.14)","0.0173","1.0005",3850,3339
"I00_I99","2000_2005","2006_2010",5,"EQI_Built+SM+PA+OB+FC","0.00","14.13(10.90,17.35)","18.13(14.89,21.44)","18.76(15.27,22.10)","23.21(19.51,26.99)","0.0002","0.0002","0.0002","0.0002","1.0012","1.0016","1.0006","1.0008",3481,3008,3121,2869,3582,3063,3443,3533,"6.03(5.58,6.50)","0.0002","1.0000",3285,3785,"-0.90(-1.10,-0.70)","0.0002","1.0007",2085,2865,"3.56(3.16,3.95)","0.0002","1.0012",2893,3120,"",NA,"NA",NA,NA,"",NA,"NA",NA,NA,"",NA,"NA",NA,NA,"0.08(0.01,0.14)","0.0173","1.0005",3850,3339
"I00_I99","2000_2005","2006_2010",5,"EQI_Social+SM+PA+OB+FC","0.00","-0.15(-3.43,3.20)","-5.37(-8.88,-1.79)","-5.73(-9.53,-1.83)","-5.62(-10.14,-1.08)","0.9346","0.0040","0.0048","0.0127","1.0002","1.0007","1.0006","1.0004",3163,2645,2362,2375,3330,3056,3076,2612,"6.03(5.58,6.50)","0.0002","1.0000",3285,3785,"-0.90(-1.10,-0.70)","0.0002","1.0007",2085,2865,"3.56(3.16,3.95)","0.0002","1.0012",2893,3120,"",NA,"NA",NA,NA,"",NA,"NA",NA,NA,"",NA,"NA",NA,NA,"0.08(0.01,0.14)","0.0173","1.0005",3850,3339
"I00_I99","2000_2005","2006_2010",5,"EQI+SM+PA+OB+UN+PD+DB+FC","0.00","16.62(13.24,19.91)","15.13(11.67,18.52)","11.18(7.22,15.07)","8.11(3.26,12.81)","0.0002","0.0002","0.0002","0.0010","1.0010","1.0003","1.0009","1.0014",2668,2260,2094,1854,2979,3127,2690,2616,"6.48(6.02,6.95)","0.0002","1.0011",2915,3504,"-0.47(-0.66,-0.29)","0.0002","1.0022",1605,2285,"1.65(1.08,2.25)","0.0002","1.0031",2021,2728,"-3.11(-3.50,-2.74)","0.0002","1.0019",2341,3318,"0.05(0.04,0.06)","0.0002","1.0022",4398,3186,"10.47(8.93,11.98)","0.0002","1.0021",2190,2995,"0.07(0.01,0.13)","0.0277","1.0012",3316,2969
"I00_I99","2000_2005","2006_2010",5,"EQI_Air+SM+PA+OB+UN+PD+DB+FC","0.00","14.00(10.66,17.43)","12.97(9.43,16.55)","7.51(3.74,11.35)","3.09(-1.29,7.56)","0.0002","0.0002","0.0002","0.1798","1.0026","1.0044","1.0054","1.0053",2397,1809,1723,1701,3414,3024,2851,2964,"6.26(5.81,6.70)","0.0002","1.0007",3349,3637,"-0.30(-0.52,-0.09)","0.0077","1.0051",1779,2736,"1.49(0.89,2.09)","0.0002","1.0033",2026,2956,"-3.20(-3.59,-2.81)","0.0002","1.0032",2082,2853,"0.03(0.02,0.05)","0.0002","1.0014",4688,3831,"9.51(7.85,11.15)","0.0002","1.0022",2108,2575,"0.04(-0.02,0.10)","0.1939","1.0005",3247,3077
"I00_I99","2000_2005","2006_2010",5,"EQI_Water+SM+PA+OB+UN+PD+DB+FC","0.00","-2.20(-6.27,1.93)","1.27(-2.86,5.44)","2.50(-1.72,6.58)","4.17(-0.41,8.57)","0.2918","0.5468","0.2706","0.0681","1.0000","1.0001","1.0004","1.0005",2304,2002,2123,2216,3479,3083,2921,3262,"6.26(5.81,6.70)","0.0002","1.0007",3349,3637,"-0.30(-0.52,-0.09)","0.0077","1.0051",1779,2736,"1.49(0.89,2.09)","0.0002","1.0033",2026,2956,"-3.20(-3.59,-2.81)","0.0002","1.0032",2082,2853,"0.03(0.02,0.05)","0.0002","1.0014",4688,3831,"9.51(7.85,11.15)","0.0002","1.0022",2108,2575,"0.04(-0.02,0.10)","0.1939","1.0005",3247,3077
"I00_I99","2000_2005","2006_2010",5,"EQI_Land+SM+PA+OB+UN+PD+DB+FC","0.00","-2.08(-5.28,1.03)","-0.33(-3.67,2.95)","5.52(1.69,9.28)","7.03(3.01,11.15)","0.1968","0.8475","0.0040","0.0010","1.0008","1.0014","1.0007","1.0024",3177,2543,2416,2295,3641,3710,3031,3203,"6.26(5.81,6.70)","0.0002","1.0007",3349,3637,"-0.30(-0.52,-0.09)","0.0077","1.0051",1779,2736,"1.49(0.89,2.09)","0.0002","1.0033",2026,2956,"-3.20(-3.59,-2.81)","0.0002","1.0032",2082,2853,"0.03(0.02,0.05)","0.0002","1.0014",4688,3831,"9.51(7.85,11.15)","0.0002","1.0022",2108,2575,"0.04(-0.02,0.10)","0.1939","1.0005",3247,3077
"I00_I99","2000_2005","2006_2010",5,"EQI_Built+SM+PA+OB+UN+PD+DB+FC","0.00","12.76(9.81,15.87)","15.55(12.38,18.84)","14.42(11.15,17.72)","15.48(11.73,19.14)","0.0002","0.0002","0.0002","0.0002","1.0017","1.0012","1.0013","1.0009",2869,2839,2615,2692,3217,3326,3518,3427,"6.26(5.81,6.70)","0.0002","1.0007",3349,3637,"-0.30(-0.52,-0.09)","0.0077","1.0051",1779,2736,"1.49(0.89,2.09)","0.0002","1.0033",2026,2956,"-3.20(-3.59,-2.81)","0.0002","1.0032",2082,2853,"0.03(0.02,0.05)","0.0002","1.0014",4688,3831,"9.51(7.85,11.15)","0.0002","1.0022",2108,2575,"0.04(-0.02,0.10)","0.1939","1.0005",3247,3077
"I00_I99","2000_2005","2006_2010",5,"EQI_Social+SM+PA+OB+UN+PD+DB+FC","0.00","2.48(-0.96,5.82)","-2.95(-6.48,0.67)","-5.98(-9.88,-1.90)","-10.65(-15.27,-5.84)","0.1410","0.1181","0.0035","0.0002","1.0034","1.0038","1.0047","1.0042",2693,2000,1800,1634,2788,2521,2311,2399,"6.26(5.81,6.70)","0.0002","1.0007",3349,3637,"-0.30(-0.52,-0.09)","0.0077","1.0051",1779,2736,"1.49(0.89,2.09)","0.0002","1.0033",2026,2956,"-3.20(-3.59,-2.81)","0.0002","1.0032",2082,2853,"0.03(0.02,0.05)","0.0002","1.0014",4688,3831,"9.51(7.85,11.15)","0.0002","1.0022",2108,2575,"0.04(-0.02,0.10)","0.1939","1.0005",3247,3077
"I00_I99","2000_2005","2011_2015",10,"EQI+SM+PA+OB+UN","0.00","14.79(11.65,17.86)","16.22(12.95,19.53)","17.48(13.92,21.07)","20.52(16.42,24.57)","0.0002","0.0002","0.0002","0.0002","1.0005","1.0004","1.0011","1.0002",3191,2365,2313,2100,3517,3040,3344,3115,"7.06(6.63,7.50)","0.0002","1.0038",2206,2617,"-0.92(-1.08,-0.75)","0.0002","1.0050",1372,2861,"3.16(2.80,3.52)","0.0002","1.0018",3115,3220,"-1.67(-2.05,-1.29)","0.0002","1.0006",2153,3136,"",NA,"NA",NA,NA,"",NA,"NA",NA,NA,"",NA,"NA",NA,NA
"I00_I99","2000_2005","2011_2015",10,"EQI_Air+SM+PA+OB+UN","0.00","15.65(12.41,18.94)","16.79(13.45,20.23)","14.81(11.29,18.35)","15.38(11.42,19.36)","0.0002","0.0002","0.0002","0.0002","1.0015","1.0008","1.0003","1.0008",3148,2544,2598,2330,3509,3147,3628,3131,"6.86(6.44,7.30)","0.0002","1.0016",3138,2968,"-0.74(-0.92,-0.56)","0.0002","1.0027",1805,2453,"2.85(2.49,3.21)","0.0002","1.0010",2936,3029,"-1.99(-2.38,-1.60)","0.0002","1.0015",2865,3131,"",NA,"NA",NA,NA,"",NA,"NA",NA,NA,"",NA,"NA",NA,NA
"I00_I99","2000_2005","2011_2015",10,"EQI_Water+SM+PA+OB+UN","0.00","-5.75(-9.68,-1.89)","1.98(-2.08,5.94)","5.01(1.10,8.91)","4.55(0.15,8.84)","0.0023","0.3347","0.0131","0.0410","1.0006","1.0012","1.0015","1.0021",2191,2033,2061,1985,3158,3154,3163,2987,"6.86(6.44,7.30)","0.0002","1.0016",3138,2968,"-0.74(-0.92,-0.56)","0.0002","1.0027",1805,2453,"2.85(2.49,3.21)","0.0002","1.0010",2936,3029,"-1.99(-2.38,-1.60)","0.0002","1.0015",2865,3131,"",NA,"NA",NA,NA,"",NA,"NA",NA,NA,"",NA,"NA",NA,NA
"I00_I99","2000_2005","2011_2015",10,"EQI_Land+SM+PA+OB+UN","0.00","-3.89(-6.90,-0.85)","-2.43(-5.58,0.79)","2.50(-1.05,6.01)","4.83(1.00,8.66)","0.0131","0.1423","0.1768","0.0123","1.0011","1.0010","1.0007","1.0005",3697,3292,3046,3120,3500,3438,3517,3362,"6.86(6.44,7.30)","0.0002","1.0016",3138,2968,"-0.74(-0.92,-0.56)","0.0002","1.0027",1805,2453,"2.85(2.49,3.21)","0.0002","1.0010",2936,3029,"-1.99(-2.38,-1.60)","0.0002","1.0015",2865,3131,"",NA,"NA",NA,NA,"",NA,"NA",NA,NA,"",NA,"NA",NA,NA
"I00_I99","2000_2005","2011_2015",10,"EQI_Built+SM+PA+OB+UN","0.00","13.48(10.46,16.49)","16.58(13.46,19.68)","18.35(15.19,21.47)","22.80(19.33,26.05)","0.0002","0.0002","0.0002","0.0002","1.0009","1.0011","1.0003","1.0006",3572,3105,3182,2953,3787,3183,2959,3143,"6.86(6.44,7.30)","0.0002","1.0016",3138,2968,"-0.74(-0.92,-0.56)","0.0002","1.0027",1805,2453,"2.85(2.49,3.21)","0.0002","1.0010",2936,3029,"-1.99(-2.38,-1.60)","0.0002","1.0015",2865,3131,"",NA,"NA",NA,NA,"",NA,"NA",NA,NA,"",NA,"NA",NA,NA
"I00_I99","2000_2005","2011_2015",10,"EQI_Social+SM+PA+OB+UN","0.00","-2.46(-5.52,0.56)","-10.14(-13.44,-6.81)","-9.95(-13.64,-6.29)","-14.76(-19.24,-10.43)","0.1110","0.0002","0.0002","0.0002","1.0005","1.0003","1.0021","1.0009",3106,2612,2442,2371,3000,3659,3426,3137,"6.86(6.44,7.30)","0.0002","1.0016",3138,2968,"-0.74(-0.92,-0.56)","0.0002","1.0027",1805,2453,"2.85(2.49,3.21)","0.0002","1.0010",2936,3029,"-1.99(-2.38,-1.60)","0.0002","1.0015",2865,3131,"",NA,"NA",NA,NA,"",NA,"NA",NA,NA,"",NA,"NA",NA,NA
"I00_I99","2000_2005","2011_2015",10,"EQI+SM+PA+OB+PD","0.00","15.61(12.41,18.82)","17.47(14.13,20.84)","18.27(14.66,21.79)","19.45(15.26,23.68)","0.0002","0.0002","0.0002","0.0002","1.0008","1.0003","1.0014","1.0006",2186,1743,1626,1635,2999,2981,2547,2702,"6.70(6.28,7.12)","0.0002","1.0015",2353,2991,"-1.19(-1.35,-1.02)","0.0002","1.0024",1759,2854,"3.35(2.98,3.72)","0.0002","1.0017",2245,2706,"",NA,"NA",NA,NA,"0.05(0.04,0.06)","0.0002","1.0009",4644,3718,"",NA,"NA",NA,NA,"",NA,"NA",NA,NA
"I00_I99","2000_2005","2011_2015",10,"EQI_Air+SM+PA+OB+PD","0.00","16.56(13.20,19.87)","18.65(15.25,22.00)","15.78(12.14,19.32)","14.69(10.62,18.63)","0.0002","0.0002","0.0002","0.0002","1.0015","1.0018","1.0019","1.0014",3021,2486,2267,2302,3753,3314,3136,3303,"6.55(6.12,6.98)","0.0002","1.0017",3298,3588,"-1.04(-1.23,-0.85)","0.0002","1.0034",1939,2639,"2.89(2.52,3.25)","0.0002","1.0014",3272,3649,"",NA,"NA",NA,NA,"0.04(0.03,0.05)","0.0002","1.0000",5598,3881,"",NA,"NA",NA,NA,"",NA,"NA",NA,NA
"I00_I99","2000_2005","2011_2015",10,"EQI_Water+SM+PA+OB+PD","0.00","-5.96(-9.96,-2.04)","2.06(-1.98,6.06)","5.33(1.39,9.45)","3.53(-0.81,7.83)","0.0031","0.3076","0.0077","0.1152","1.0022","1.0031","1.0027","1.0027",2657,2278,2376,2236,3182,3358,3204,2912,"6.55(6.12,6.98)","0.0002","1.0017",3298,3588,"-1.04(-1.23,-0.85)","0.0002","1.0034",1939,2639,"2.89(2.52,3.25)","0.0002","1.0014",3272,3649,"",NA,"NA",NA,NA,"0.04(0.03,0.05)","0.0002","1.0000",5598,3881,"",NA,"NA",NA,NA,"",NA,"NA",NA,NA
"I00_I99","2000_2005","2011_2015",10,"EQI_Land+SM+PA+OB+PD","0.00","-4.28(-7.23,-1.29)","-2.71(-5.85,0.52)","1.92(-1.70,5.49)","4.47(0.58,8.31)","0.0073","0.0981","0.2931","0.0235","1.0003","1.0006","1.0009","1.0011",3469,3095,2566,2719,3754,3317,3535,3279,"6.55(6.12,6.98)","0.0002","1.0017",3298,3588,"-1.04(-1.23,-0.85)","0.0002","1.0034",1939,2639,"2.89(2.52,3.25)","0.0002","1.0014",3272,3649,"",NA,"NA",NA,NA,"0.04(0.03,0.05)","0.0002","1.0000",5598,3881,"",NA,"NA",NA,NA,"",NA,"NA",NA,NA
"I00_I99","2000_2005","2011_2015",10,"EQI_Built+SM+PA+OB+PD","0.00","13.84(10.82,16.84)","16.07(13.02,19.14)","17.08(13.88,20.19)","18.80(15.22,22.48)","0.0002","0.0002","0.0002","0.0002","1.0010","1.0005","1.0008","1.0014",3755,3002,2799,2765,3497,3620,3583,3512,"6.55(6.12,6.98)","0.0002","1.0017",3298,3588,"-1.04(-1.23,-0.85)","0.0002","1.0034",1939,2639,"2.89(2.52,3.25)","0.0002","1.0014",3272,3649,"",NA,"NA",NA,NA,"0.04(0.03,0.05)","0.0002","1.0000",5598,3881,"",NA,"NA",NA,NA,"",NA,"NA",NA,NA
"I00_I99","2000_2005","2011_2015",10,"EQI_Social+SM+PA+OB+PD","0.00","-0.70(-3.76,2.30)","-6.14(-9.37,-2.71)","-4.30(-7.97,-0.59)","-6.30(-10.57,-1.87)","0.6534","0.0010","0.0231","0.0073","1.0012","1.0025","1.0027","1.0028",3357,2602,2310,2240,3897,3345,3233,2693,"6.55(6.12,6.98)","0.0002","1.0017",3298,3588,"-1.04(-1.23,-0.85)","0.0002","1.0034",1939,2639,"2.89(2.52,3.25)","0.0002","1.0014",3272,3649,"",NA,"NA",NA,NA,"0.04(0.03,0.05)","0.0002","1.0000",5598,3881,"",NA,"NA",NA,NA,"",NA,"NA",NA,NA
"I00_I99","2000_2005","2011_2015",10,"EQI+SM+PA+OB+DB","0.00","17.03(13.89,20.04)","19.25(16.01,22.49)","21.14(17.59,24.66)","21.61(17.57,25.64)","0.0002","0.0002","0.0002","0.0002","1.0014","1.0009","1.0005","1.0021",3158,2700,2495,2127,3552,3666,3004,3119,"6.58(6.16,7.01)","0.0002","1.0005",3465,3504,"-0.71(-0.88,-0.53)","0.0002","1.0024",2038,2815,"0.49(-0.05,1.03)","0.0764","1.0032",2529,3157,"",NA,"NA",NA,NA,"",NA,"NA",NA,NA,"9.10(7.66,10.47)","0.0002","1.0023",2785,3611,"",NA,"NA",NA,NA
"I00_I99","2000_2005","2011_2015",10,"EQI_Air+SM+PA+OB+DB","0.00","15.78(12.47,19.08)","17.59(14.26,21.09)","14.56(10.94,18.21)","12.46(8.35,16.74)","0.0002","0.0002","0.0002","0.0002","1.0029","1.0043","1.0053","1.0056",2429,1969,1803,1676,3002,2818,2511,2362,"6.46(6.03,6.88)","0.0002","1.0024",2592,2853,"-0.74(-0.93,-0.56)","0.0002","1.0014",1296,2604,"0.82(0.27,1.36)","0.0044","1.0018",1967,2606,"",NA,"NA",NA,NA,"",NA,"NA",NA,NA,"6.96(5.45,8.52)","0.0002","1.0017",1964,2790,"",NA,"NA",NA,NA
"I00_I99","2000_2005","2011_2015",10,"EQI_Water+SM+PA+OB+DB","0.00","-6.02(-9.84,-2.12)","1.93(-1.98,6.01)","4.94(1.04,9.01)","3.36(-1.04,7.63)","0.0010","0.3485","0.0131","0.1194","1.0016","1.0011","1.0019","1.0018",1931,1755,1667,1783,2899,2849,2845,2250,"6.46(6.03,6.88)","0.0002","1.0024",2592,2853,"-0.74(-0.93,-0.56)","0.0002","1.0014",1296,2604,"0.82(0.27,1.36)","0.0044","1.0018",1967,2606,"",NA,"NA",NA,NA,"",NA,"NA",NA,NA,"6.96(5.45,8.52)","0.0002","1.0017",1964,2790,"",NA,"NA",NA,NA
"I00_I99","2000_2005","2011_2015",10,"EQI_Land+SM+PA+OB+DB","0.00","-4.43(-7.41,-1.38)","-2.89(-6.03,0.35)","1.78(-1.72,5.31)","4.93(1.16,8.88)","0.0069","0.0810","0.3318","0.0102","1.0004","1.0003","1.0013","1.0010",3232,2643,2339,2198,3369,3532,2954,2988,"6.46(6.03,6.88)","0.0002","1.0024",2592,2853,"-0.74(-0.93,-0.56)","0.0002","1.0014",1296,2604,"0.82(0.27,1.36)","0.0044","1.0018",1967,2606,"",NA,"NA",NA,NA,"",NA,"NA",NA,NA,"6.96(5.45,8.52)","0.0002","1.0017",1964,2790,"",NA,"NA",NA,NA
"I00_I99","2000_2005","2011_2015",10,"EQI_Built+SM+PA+OB+DB","0.00","14.48(11.48,17.42)","16.96(13.85,20.07)","18.55(15.29,21.74)","21.69(18.10,25.09)","0.0002","0.0002","0.0002","0.0002","1.0017","1.0033","1.0040","1.0043",2404,2306,2145,1902,3016,2839,2656,2543,"6.46(6.03,6.88)","0.0002","1.0024",2592,2853,"-0.74(-0.93,-0.56)","0.0002","1.0014",1296,2604,"0.82(0.27,1.36)","0.0044","1.0018",1967,2606,"",NA,"NA",NA,NA,"",NA,"NA",NA,NA,"6.96(5.45,8.52)","0.0002","1.0017",1964,2790,"",NA,"NA",NA,NA
"I00_I99","2000_2005","2011_2015",10,"EQI_Social+SM+PA+OB+DB","0.00","1.96(-1.27,5.16)","-3.14(-6.55,0.39)","-0.96(-4.62,2.86)","-3.53(-7.69,0.82)","0.2022","0.0819","0.5972","0.1056","1.0006","1.0005","1.0006","1.0019",2283,1827,1860,1516,2584,2736,3077,2432,"6.46(6.03,6.88)","0.0002","1.0024",2592,2853,"-0.74(-0.93,-0.56)","0.0002","1.0014",1296,2604,"0.82(0.27,1.36)","0.0044","1.0018",1967,2606,"",NA,"NA",NA,NA,"",NA,"NA",NA,NA,"6.96(5.45,8.52)","0.0002","1.0017",1964,2790,"",NA,"NA",NA,NA
"I00_I99","2000_2005","2011_2015",10,"EQI+SM+PA+OB+FC","0.00","16.08(12.83,19.26)","18.68(15.46,21.97)","21.49(17.92,25.18)","25.45(21.33,29.66)","0.0002","0.0002","0.0002","0.0002","1.0002","1.0004","1.0000","1.0006",2521,1950,1676,1450,3485,3028,2694,2737,"6.45(6.00,6.90)","0.0002","1.0046",2131,2843,"-1.00(-1.16,-0.84)","0.0002","1.0033",1341,2498,"3.11(2.74,3.48)","0.0002","1.0008",2028,2354,"",NA,"NA",NA,NA,"",NA,"NA",NA,NA,"",NA,"NA",NA,NA,"0.08(0.02,0.14)","0.0052","1.0002",2746,3687
"I00_I99","2000_2005","2011_2015",10,"EQI_Air+SM+PA+OB+FC","0.00","16.51(13.28,19.78)","18.97(15.64,22.37)","17.27(13.83,20.74)","18.38(14.64,22.28)","0.0002","0.0002","0.0002","0.0002","1.0005","1.0009","1.0007","1.0014",3819,3119,2675,2561,3684,3665,3367,3514,"6.28(5.83,6.72)","0.0002","1.0012",3833,3195,"-0.92(-1.10,-0.73)","0.0002","1.0024",2251,2798,"2.83(2.45,3.21)","0.0002","1.0001",3222,3364,"",NA,"NA",NA,NA,"",NA,"NA",NA,NA,"",NA,"NA",NA,NA,"0.09(0.03,0.14)","0.0023","1.0015",4843,4178
"I00_I99","2000_2005","2011_2015",10,"EQI_Water+SM+PA+OB+FC","0.00","-7.06(-11.02,-3.18)","1.03(-2.90,4.98)","4.53(0.56,8.57)","2.71(-1.63,7.05)","0.0006","0.6176","0.0231","0.2160","1.0001","1.0004","1.0005","1.0003",2951,2443,2460,2637,3439,3379,3190,3257,"6.28(5.83,6.72)","0.0002","1.0012",3833,3195,"-0.92(-1.10,-0.73)","0.0002","1.0024",2251,2798,"2.83(2.45,3.21)","0.0002","1.0001",3222,3364,"",NA,"NA",NA,NA,"",NA,"NA",NA,NA,"",NA,"NA",NA,NA,"0.09(0.03,0.14)","0.0023","1.0015",4843,4178
"I00_I99","2000_2005","2011_2015",10,"EQI_Land+SM+PA+OB+FC","0.00","-4.30(-7.30,-1.26)","-2.43(-5.71,0.81)","2.72(-0.91,6.44)","5.61(1.75,9.42)","0.0069","0.1448","0.1368","0.0048","1.0001","1.0001","1.0013","1.0002",4211,3420,2990,3095,3826,3583,3259,3542,"6.28(5.83,6.72)","0.0002","1.0012",3833,3195,"-0.92(-1.10,-0.73)","0.0002","1.0024",2251,2798,"2.83(2.45,3.21)","0.0002","1.0001",3222,3364,"",NA,"NA",NA,NA,"",NA,"NA",NA,NA,"",NA,"NA",NA,NA,"0.09(0.03,0.14)","0.0023","1.0015",4843,4178
"I00_I99","2000_2005","2011_2015",10,"EQI_Built+SM+PA+OB+FC","0.00","14.23(11.34,17.21)","17.19(14.10,20.12)","19.07(15.94,22.29)","23.20(19.83,26.56)","0.0002","0.0002","0.0002","0.0002","1.0016","1.0008","1.0013","1.0017",4272,3568,3253,3019,3951,3931,3411,3477,"6.28(5.83,6.72)","0.0002","1.0012",3833,3195,"-0.92(-1.10,-0.73)","0.0002","1.0024",2251,2798,"2.83(2.45,3.21)","0.0002","1.0001",3222,3364,"",NA,"NA",NA,NA,"",NA,"NA",NA,NA,"",NA,"NA",NA,NA,"0.09(0.03,0.14)","0.0023","1.0015",4843,4178
"I00_I99","2000_2005","2011_2015",10,"EQI_Social+SM+PA+OB+FC","0.00","-0.87(-3.89,2.32)","-6.94(-10.36,-3.61)","-5.05(-8.57,-1.48)","-7.42(-11.65,-3.18)","0.5763","0.0002","0.0073","0.0006","1.0002","1.0023","1.0033","1.0023",3786,2837,2472,2461,3400,3301,3355,3174,"6.28(5.83,6.72)","0.0002","1.0012",3833,3195,"-0.92(-1.10,-0.73)","0.0002","1.0024",2251,2798,"2.83(2.45,3.21)","0.0002","1.0001",3222,3364,"",NA,"NA",NA,NA,"",NA,"NA",NA,NA,"",NA,"NA",NA,NA,"0.09(0.03,0.14)","0.0023","1.0015",4843,4178
"I00_I99","2000_2005","2011_2015",10,"EQI+SM+PA+OB+UN+PD+DB+FC","0.00","15.68(12.60,18.82)","16.12(13.02,19.33)","15.25(11.67,18.91)","13.42(9.31,17.75)","0.0002","0.0002","0.0002","0.0002","1.0009","1.0007","1.0005","1.0007",3217,2525,2118,1978,3613,3260,3056,2980,"6.99(6.55,7.45)","0.0002","1.0007",2729,3169,"-0.87(-1.05,-0.70)","0.0002","1.0016",1725,3049,"1.16(0.61,1.69)","0.0010","1.0018",2057,2622,"-2.11(-2.51,-1.71)","0.0002","1.0014",2437,2955,"0.05(0.04,0.06)","0.0002","1.0002",5114,3456,"9.19(7.79,10.69)","0.0002","1.0020",2421,3336,"0.10(0.04,0.15)","0.0019","1.0005",3275,3491
"I00_I99","2000_2005","2011_2015",10,"EQI_Air+SM+PA+OB+UN+PD+DB+FC","0.00","13.53(10.24,16.72)","13.55(10.19,16.85)","9.86(6.27,13.42)","5.96(1.75,10.24)","0.0002","0.0002","0.0002","0.0040","1.0019","1.0013","1.0014","1.0025",2312,2091,1761,1531,3085,3201,2477,2920,"6.88(6.44,7.33)","0.0002","1.0027",2638,3531,"-0.74(-0.93,-0.55)","0.0002","1.0021",1601,2735,"1.07(0.53,1.64)","0.0002","1.0035",1936,2279,"-2.24(-2.64,-1.84)","0.0002","1.0029",2089,2692,"0.03(0.02,0.04)","0.0002","1.0002",4332,3679,"7.94(6.35,9.46)","0.0002","1.0008",2134,2804,"0.08(0.02,0.14)","0.0094","1.0039",2444,3051
"I00_I99","2000_2005","2011_2015",10,"EQI_Water+SM+PA+OB+UN+PD+DB+FC","0.00","-5.48(-9.26,-1.69)","1.92(-1.89,5.74)","5.13(1.16,8.99)","4.65(0.56,8.82)","0.0056","0.3247","0.0094","0.0281","1.0033","1.0021","1.0020","1.0018",1949,1838,1878,2035,2777,2966,2885,2865,"6.88(6.44,7.33)","0.0002","1.0027",2638,3531,"-0.74(-0.93,-0.55)","0.0002","1.0021",1601,2735,"1.07(0.53,1.64)","0.0002","1.0035",1936,2279,"-2.24(-2.64,-1.84)","0.0002","1.0029",2089,2692,"0.03(0.02,0.04)","0.0002","1.0002",4332,3679,"7.94(6.35,9.46)","0.0002","1.0008",2134,2804,"0.08(0.02,0.14)","0.0094","1.0039",2444,3051
"I00_I99","2000_2005","2011_2015",10,"EQI_Land+SM+PA+OB+UN+PD+DB+FC","0.00","-4.06(-7.01,-1.05)","-2.52(-5.69,0.66)","2.44(-1.08,6.08)","6.28(2.30,10.15)","0.0090","0.1189","0.1856","0.0019","1.0021","1.0022","1.0032","1.0033",2853,2310,1974,2011,3157,2994,2734,2722,"6.88(6.44,7.33)","0.0002","1.0027",2638,3531,"-0.74(-0.93,-0.55)","0.0002","1.0021",1601,2735,"1.07(0.53,1.64)","0.0002","1.0035",1936,2279,"-2.24(-2.64,-1.84)","0.0002","1.0029",2089,2692,"0.03(0.02,0.04)","0.0002","1.0002",4332,3679,"7.94(6.35,9.46)","0.0002","1.0008",2134,2804,"0.08(0.02,0.14)","0.0094","1.0039",2444,3051
"I00_I99","2000_2005","2011_2015",10,"EQI_Built+SM+PA+OB+UN+PD+DB+FC","0.00","13.67(10.76,16.64)","16.30(13.28,19.28)","16.83(13.72,19.96)","17.93(14.54,21.42)","0.0002","0.0002","0.0002","0.0002","1.0001","1.0008","1.0004","1.0002",2985,2462,2333,2407,3274,3258,3108,3581,"6.88(6.44,7.33)","0.0002","1.0027",2638,3531,"-0.74(-0.93,-0.55)","0.0002","1.0021",1601,2735,"1.07(0.53,1.64)","0.0002","1.0035",1936,2279,"-2.24(-2.64,-1.84)","0.0002","1.0029",2089,2692,"0.03(0.02,0.04)","0.0002","1.0002",4332,3679,"7.94(6.35,9.46)","0.0002","1.0008",2134,2804,"0.08(0.02,0.14)","0.0094","1.0039",2444,3051
"I00_I99","2000_2005","2011_2015",10,"EQI_Social+SM+PA+OB+UN+PD+DB+FC","0.00","1.20(-1.92,4.21)","-4.73(-8.22,-1.29)","-3.81(-7.61,-0.06)","-8.52(-12.98,-4.09)","0.4464","0.0069","0.0473","0.0006","1.0018","1.0028","1.0032","1.0036",2482,2075,1804,1765,3254,2900,2733,2755,"6.88(6.44,7.33)","0.0002","1.0027",2638,3531,"-0.74(-0.93,-0.55)","0.0002","1.0021",1601,2735,"1.07(0.53,1.64)","0.0002","1.0035",1936,2279,"-2.24(-2.64,-1.84)","0.0002","1.0029",2089,2692,"0.03(0.02,0.04)","0.0002","1.0002",4332,3679,"7.94(6.35,9.46)","0.0002","1.0008",2134,2804,"0.08(0.02,0.14)","0.0094","1.0039",2444,3051
"I00_I99","2000_2005","2016_2020",15,"EQI+SM+PA+OB+UN","0.00","18.59(15.38,21.64)","18.80(15.57,22.02)","21.58(18.02,25.10)","27.48(23.53,31.55)","0.0002","0.0002","0.0002","0.0002","1.0040","1.0057","1.0076","1.0092",2516,2328,1995,1859,3210,2993,2913,2853,"7.14(6.72,7.58)","0.0002","1.0021",2472,3131,"-1.16(-1.32,-1.00)","0.0002","1.0036",1527,2037,"3.44(3.10,3.80)","0.0002","1.0030",2678,3007,"-2.10(-2.56,-1.64)","0.0002","1.0022",2414,3226,"",NA,"NA",NA,NA,"",NA,"NA",NA,NA,"",NA,"NA",NA,NA
"I00_I99","2000_2005","2016_2020",15,"EQI_Air+SM+PA+OB+UN","0.00","15.15(12.05,18.24)","18.06(14.69,21.34)","18.86(15.41,22.28)","21.69(17.96,25.63)","0.0002","0.0002","0.0002","0.0002","1.0017","1.0003","1.0009","1.0013",3436,3009,2865,2780,3868,3014,3165,3366,"6.83(6.40,7.26)","0.0002","1.0005",3850,3390,"-1.07(-1.26,-0.89)","0.0002","1.0010",2195,2599,"3.23(2.88,3.58)","0.0002","1.0017",3135,3515,"-2.27(-2.72,-1.81)","0.0002","1.0011",3395,3242,"",NA,"NA",NA,NA,"",NA,"NA",NA,NA,"",NA,"NA",NA,NA
"I00_I99","2000_2005","2016_2020",15,"EQI_Water+SM+PA+OB+UN","0.00","-4.96(-8.74,-1.08)","2.88(-1.05,6.87)","3.64(-0.35,7.67)","3.62(-0.61,7.79)","0.0094","0.1610","0.0744","0.0948","1.0005","1.0008","1.0009","1.0011",2752,2619,2481,2560,3180,3075,3007,3224,"6.83(6.40,7.26)","0.0002","1.0005",3850,3390,"-1.07(-1.26,-0.89)","0.0002","1.0010",2195,2599,"3.23(2.88,3.58)","0.0002","1.0017",3135,3515,"-2.27(-2.72,-1.81)","0.0002","1.0011",3395,3242,"",NA,"NA",NA,NA,"",NA,"NA",NA,NA,"",NA,"NA",NA,NA
"I00_I99","2000_2005","2016_2020",15,"EQI_Land+SM+PA+OB+UN","0.00","-1.73(-4.76,1.26)","-0.66(-3.92,2.55)","2.36(-1.15,5.97)","5.59(1.86,9.48)","0.2606","0.6884","0.1860","0.0019","1.0003","1.0004","1.0003","1.0011",3635,3048,3018,3124,3718,3462,3632,3720,"6.83(6.40,7.26)","0.0002","1.0005",3850,3390,"-1.07(-1.26,-0.89)","0.0002","1.0010",2195,2599,"3.23(2.88,3.58)","0.0002","1.0017",3135,3515,"-2.27(-2.72,-1.81)","0.0002","1.0011",3395,3242,"",NA,"NA",NA,NA,"",NA,"NA",NA,NA,"",NA,"NA",NA,NA
"I00_I99","2000_2005","2016_2020",15,"EQI_Built+SM+PA+OB+UN","0.00","15.92(13.02,18.92)","19.64(16.61,22.69)","21.38(18.29,24.58)","26.20(22.85,29.66)","0.0002","0.0002","0.0002","0.0002","1.0011","1.0000","1.0007","1.0010",4084,3742,3614,3280,3768,3594,3649,3975,"6.83(6.40,7.26)","0.0002","1.0005",3850,3390,"-1.07(-1.26,-0.89)","0.0002","1.0010",2195,2599,"3.23(2.88,3.58)","0.0002","1.0017",3135,3515,"-2.27(-2.72,-1.81)","0.0002","1.0011",3395,3242,"",NA,"NA",NA,NA,"",NA,"NA",NA,NA,"",NA,"NA",NA,NA
"I00_I99","2000_2005","2016_2020",15,"EQI_Social+SM+PA+OB+UN","0.00","0.07(-2.99,3.13)","-6.26(-9.52,-2.94)","-8.66(-12.19,-5.09)","-11.67(-15.83,-7.44)","0.9713","0.0002","0.0002","0.0002","1.0015","1.0014","1.0009","0.9999",3615,2897,2777,2766,3697,3111,3573,3195,"6.83(6.40,7.26)","0.0002","1.0005",3850,3390,"-1.07(-1.26,-0.89)","0.0002","1.0010",2195,2599,"3.23(2.88,3.58)","0.0002","1.0017",3135,3515,"-2.27(-2.72,-1.81)","0.0002","1.0011",3395,3242,"",NA,"NA",NA,NA,"",NA,"NA",NA,NA,"",NA,"NA",NA,NA
"I00_I99","2000_2005","2016_2020",15,"EQI+SM+PA+OB+PD","0.00","18.68(15.52,21.74)","19.27(16.02,22.49)","21.10(17.66,24.57)","24.36(20.18,28.41)","0.0002","0.0002","0.0002","0.0002","1.0001","1.0001","1.0008","1.0005",3464,2614,2131,2098,3705,3227,2584,2381,"6.78(6.35,7.20)","0.0002","1.0017",2933,2996,"-1.45(-1.61,-1.28)","0.0002","1.0021",1821,2743,"3.74(3.37,4.10)","0.0002","1.0016",2946,3456,"",NA,"NA",NA,NA,"0.07(0.06,0.08)","0.0002","1.0002",5656,3712,"",NA,"NA",NA,NA,"",NA,"NA",NA,NA
"I00_I99","2000_2005","2016_2020",15,"EQI_Air+SM+PA+OB+PD","0.00","15.82(12.74,19.01)","19.51(16.27,22.79)","19.51(16.05,23.00)","20.43(16.60,24.43)","0.0002","0.0002","0.0002","0.0002","1.0024","1.0024","1.0025","1.0033",2653,2373,2132,2122,3349,3398,3437,3203,"6.56(6.12,6.98)","0.0002","1.0024",2630,3325,"-1.33(-1.52,-1.15)","0.0002","1.0019",1918,2657,"3.35(2.99,3.71)","0.0002","1.0022",2747,3129,"",NA,"NA",NA,NA,"0.05(0.04,0.06)","0.0002","1.0003",5294,3785,"",NA,"NA",NA,NA,"",NA,"NA",NA,NA
"I00_I99","2000_2005","2016_2020",15,"EQI_Water+SM+PA+OB+PD","0.00","-5.11(-9.06,-1.34)","2.84(-1.05,6.80)","3.70(-0.27,7.61)","2.48(-1.71,6.60)","0.0090","0.1568","0.0639","0.2506","1.0009","1.0001","1.0023","1.0019",2525,2151,2161,2371,3233,2655,2802,3460,"6.56(6.12,6.98)","0.0002","1.0024",2630,3325,"-1.33(-1.52,-1.15)","0.0002","1.0019",1918,2657,"3.35(2.99,3.71)","0.0002","1.0022",2747,3129,"",NA,"NA",NA,NA,"0.05(0.04,0.06)","0.0002","1.0003",5294,3785,"",NA,"NA",NA,NA,"",NA,"NA",NA,NA
"I00_I99","2000_2005","2016_2020",15,"EQI_Land+SM+PA+OB+PD","0.00","-2.15(-5.24,0.89)","-1.37(-4.57,1.82)","1.35(-2.35,4.95)","4.53(0.55,8.41)","0.1631","0.3997","0.4593","0.0256","1.0006","1.0011","1.0013","1.0015",3465,3288,2740,2692,3237,3776,3714,3489,"6.56(6.12,6.98)","0.0002","1.0024",2630,3325,"-1.33(-1.52,-1.15)","0.0002","1.0019",1918,2657,"3.35(2.99,3.71)","0.0002","1.0022",2747,3129,"",NA,"NA",NA,NA,"0.05(0.04,0.06)","0.0002","1.0003",5294,3785,"",NA,"NA",NA,NA,"",NA,"NA",NA,NA
"I00_I99","2000_2005","2016_2020",15,"EQI_Built+SM+PA+OB+PD","0.00","15.81(12.86,18.81)","18.86(15.79,21.88)","19.42(16.22,22.53)","20.79(17.19,24.37)","0.0002","0.0002","0.0002","0.0002","1.0004","1.0008","1.0002","1.0040",3860,3446,3059,2915,3725,3695,3356,3037,"6.56(6.12,6.98)","0.0002","1.0024",2630,3325,"-1.33(-1.52,-1.15)","0.0002","1.0019",1918,2657,"3.35(2.99,3.71)","0.0002","1.0022",2747,3129,"",NA,"NA",NA,NA,"0.05(0.04,0.06)","0.0002","1.0003",5294,3785,"",NA,"NA",NA,NA,"",NA,"NA",NA,NA
"I00_I99","2000_2005","2016_2020",15,"EQI_Social+SM+PA+OB+PD","0.00","1.18(-1.81,4.25)","-2.97(-6.35,0.31)","-4.12(-7.78,-0.55)","-4.93(-9.19,-0.70)","0.4622","0.0819","0.0248","0.0269","1.0009","1.0014","1.0011","1.0017",3637,3054,2718,2535,3662,3449,3493,3072,"6.56(6.12,6.98)","0.0002","1.0024",2630,3325,"-1.33(-1.52,-1.15)","0.0002","1.0019",1918,2657,"3.35(2.99,3.71)","0.0002","1.0022",2747,3129,"",NA,"NA",NA,NA,"0.05(0.04,0.06)","0.0002","1.0003",5294,3785,"",NA,"NA",NA,NA,"",NA,"NA",NA,NA
"I00_I99","2000_2005","2016_2020",15,"EQI+SM+PA+OB+DB","0.00","20.21(17.16,23.30)","21.36(18.09,24.60)","24.67(21.13,28.13)","27.76(23.65,31.79)","0.0002","0.0002","0.0002","0.0002","1.0014","0.9998","1.0012","1.0010",2763,2225,1941,1627,3401,2735,2588,2517,"6.67(6.24,7.07)","0.0002","1.0006",3181,3459,"-0.91(-1.08,-0.75)","0.0002","1.0009",1671,2797,"0.73(0.22,1.26)","0.0069","1.0020",1973,2856,"",NA,"NA",NA,NA,"",NA,"NA",NA,NA,"9.36(7.92,10.74)","0.0002","1.0020",2139,3098,"",NA,"NA",NA,NA
"I00_I99","2000_2005","2016_2020",15,"EQI_Air+SM+PA+OB+DB","0.00","15.13(11.87,18.37)","18.58(15.23,21.95)","18.65(15.08,22.25)","19.20(15.19,23.40)","0.0002","0.0002","0.0002","0.0002","1.0005","1.0005","1.0008","0.9999",2633,2202,1908,1801,3522,3389,3032,2525,"6.47(6.04,6.90)","0.0002","1.0021",3568,3488,"-1.01(-1.19,-0.82)","0.0002","1.0011",1794,2777,"1.33(0.78,1.89)","0.0002","1.0017",2196,2572,"",NA,"NA",NA,NA,"",NA,"NA",NA,NA,"6.58(4.95,8.13)","0.0002","1.0015",2191,2863,"",NA,"NA",NA,NA
"I00_I99","2000_2005","2016_2020",15,"EQI_Water+SM+PA+OB+DB","0.00","-5.51(-9.27,-1.68)","2.39(-1.53,6.20)","2.94(-1.01,6.76)","2.05(-2.04,6.32)","0.0052","0.2314","0.1460","0.3543","1.0008","1.0009","1.0016","1.0010",2357,2105,2048,2024,3106,3214,2817,3250,"6.47(6.04,6.90)","0.0002","1.0021",3568,3488,"-1.01(-1.19,-0.82)","0.0002","1.0011",1794,2777,"1.33(0.78,1.89)","0.0002","1.0017",2196,2572,"",NA,"NA",NA,NA,"",NA,"NA",NA,NA,"6.58(4.95,8.13)","0.0002","1.0015",2191,2863,"",NA,"NA",NA,NA
"I00_I99","2000_2005","2016_2020",15,"EQI_Land+SM+PA+OB+DB","0.00","-2.32(-5.37,0.66)","-1.43(-4.59,1.81)","1.37(-2.25,4.97)","5.04(1.25,8.90)","0.1268","0.3685","0.4568","0.0094","1.0016","1.0003","1.0016","0.9997",3405,2787,2436,2502,3634,3115,3277,3403,"6.47(6.04,6.90)","0.0002","1.0021",3568,3488,"-1.01(-1.19,-0.82)","0.0002","1.0011",1794,2777,"1.33(0.78,1.89)","0.0002","1.0017",2196,2572,"",NA,"NA",NA,NA,"",NA,"NA",NA,NA,"6.58(4.95,8.13)","0.0002","1.0015",2191,2863,"",NA,"NA",NA,NA
"I00_I99","2000_2005","2016_2020",15,"EQI_Built+SM+PA+OB+DB","0.00","16.61(13.63,19.54)","20.05(16.98,23.01)","21.44(18.23,24.62)","24.91(21.57,28.25)","0.0002","0.0002","0.0002","0.0002","1.0025","1.0004","1.0001","1.0002",3222,2753,2567,2482,3778,3343,3290,3345,"6.47(6.04,6.90)","0.0002","1.0021",3568,3488,"-1.01(-1.19,-0.82)","0.0002","1.0011",1794,2777,"1.33(0.78,1.89)","0.0002","1.0017",2196,2572,"",NA,"NA",NA,NA,"",NA,"NA",NA,NA,"6.58(4.95,8.13)","0.0002","1.0015",2191,2863,"",NA,"NA",NA,NA
"I00_I99","2000_2005","2016_2020",15,"EQI_Social+SM+PA+OB+DB","0.00","3.50(0.42,6.66)","-0.55(-4.08,2.79)","-1.36(-5.10,2.40)","-2.73(-7.13,1.60)","0.0256","0.7700","0.4909","0.2368","1.0009","1.0024","1.0030","1.0027",3000,2211,2086,1946,3297,3235,3152,3251,"6.47(6.04,6.90)","0.0002","1.0021",3568,3488,"-1.01(-1.19,-0.82)","0.0002","1.0011",1794,2777,"1.33(0.78,1.89)","0.0002","1.0017",2196,2572,"",NA,"NA",NA,NA,"",NA,"NA",NA,NA,"6.58(4.95,8.13)","0.0002","1.0015",2191,2863,"",NA,"NA",NA,NA
"I00_I99","2000_2005","2016_2020",15,"EQI+SM+PA+OB+FC","0.00","18.99(15.85,22.25)","20.33(17.10,23.56)","24.19(20.65,27.68)","30.31(26.19,34.39)","0.0002","0.0002","0.0002","0.0002","1.0011","1.0029","1.0032","1.0030",2862,1969,2022,1838,3115,3131,2917,2622,"6.74(6.30,7.17)","0.0002","1.0006",2356,2932,"-1.16(-1.32,-1.00)","0.0002","1.0020",1411,2825,"3.25(2.90,3.61)","0.0002","1.0017",2360,3572,"",NA,"NA",NA,NA,"",NA,"NA",NA,NA,"",NA,"NA",NA,NA,"-0.02(-0.08,0.04)","0.5009","1.0019",2957,3654
"I00_I99","2000_2005","2016_2020",15,"EQI_Air+SM+PA+OB+FC","0.00","16.36(13.05,19.62)","20.38(17.03,23.72)","21.35(17.79,24.88)","24.47(20.56,28.35)","0.0002","0.0002","0.0002","0.0002","1.0014","1.0010","1.0017","1.0025",3629,3384,2918,2884,3681,3893,3108,3755,"6.47(6.04,6.90)","0.0002","1.0023",3588,3780,"-1.13(-1.31,-0.95)","0.0002","1.0017",2532,3097,"3.06(2.69,3.43)","0.0002","1.0019",2845,3277,"",NA,"NA",NA,NA,"",NA,"NA",NA,NA,"",NA,"NA",NA,NA,"-0.02(-0.07,0.04)","0.5609","1.0006",4004,3227
"I00_I99","2000_2005","2016_2020",15,"EQI_Water+SM+PA+OB+FC","0.00","-5.73(-9.69,-1.94)","2.31(-1.56,6.35)","2.98(-1.11,7.08)","2.00(-2.35,6.35)","0.0031","0.2581","0.1514","0.3618","1.0006","1.0009","1.0009","1.0012",2786,2374,2480,2610,3573,3658,3462,3552,"6.47(6.04,6.90)","0.0002","1.0023",3588,3780,"-1.13(-1.31,-0.95)","0.0002","1.0017",2532,3097,"3.06(2.69,3.43)","0.0002","1.0019",2845,3277,"",NA,"NA",NA,NA,"",NA,"NA",NA,NA,"",NA,"NA",NA,NA,"-0.02(-0.07,0.04)","0.5609","1.0006",4004,3227
"I00_I99","2000_2005","2016_2020",15,"EQI_Land+SM+PA+OB+FC","0.00","-2.20(-5.25,0.86)","-1.36(-4.58,1.82)","1.48(-2.19,5.12)","4.36(0.37,8.35)","0.1656","0.4139","0.4226","0.0302","1.0011","1.0021","1.0026","1.0013",3689,2955,2758,2851,3683,3496,3587,3462,"6.47(6.04,6.90)","0.0002","1.0023",3588,3780,"-1.13(-1.31,-0.95)","0.0002","1.0017",2532,3097,"3.06(2.69,3.43)","0.0002","1.0019",2845,3277,"",NA,"NA",NA,NA,"",NA,"NA",NA,NA,"",NA,"NA",NA,NA,"-0.02(-0.07,0.04)","0.5609","1.0006",4004,3227
"I00_I99","2000_2005","2016_2020",15,"EQI_Built+SM+PA+OB+FC","0.00","16.15(13.27,19.12)","19.80(16.82,22.73)","21.43(18.41,24.51)","25.86(22.50,29.17)","0.0002","0.0002","0.0002","0.0002","1.0006","1.0006","1.0008","1.0008",4130,3263,3298,3164,3784,3487,3504,3654,"6.47(6.04,6.90)","0.0002","1.0023",3588,3780,"-1.13(-1.31,-0.95)","0.0002","1.0017",2532,3097,"3.06(2.69,3.43)","0.0002","1.0019",2845,3277,"",NA,"NA",NA,NA,"",NA,"NA",NA,NA,"",NA,"NA",NA,NA,"-0.02(-0.07,0.04)","0.5609","1.0006",4004,3227
"I00_I99","2000_2005","2016_2020",15,"EQI_Social+SM+PA+OB+FC","0.00","0.80(-2.21,3.83)","-4.28(-7.65,-1.05)","-5.66(-9.32,-2.09)","-7.04(-11.22,-2.86)","0.6080","0.0094","0.0031","0.0015","1.0010","1.0009","1.0008","1.0022",3826,3188,2708,2789,3895,3197,3262,2738,"6.47(6.04,6.90)","0.0002","1.0023",3588,3780,"-1.13(-1.31,-0.95)","0.0002","1.0017",2532,3097,"3.06(2.69,3.43)","0.0002","1.0019",2845,3277,"",NA,"NA",NA,NA,"",NA,"NA",NA,NA,"",NA,"NA",NA,NA,"-0.02(-0.07,0.04)","0.5609","1.0006",4004,3227
"I00_I99","2000_2005","2016_2020",15,"EQI+SM+PA+OB+UN+PD+DB+FC","0.00","19.15(16.02,22.25)","18.16(14.92,21.37)","18.20(14.67,21.75)","18.52(14.37,22.80)","0.0002","0.0002","0.0002","0.0002","1.0005","1.0007","1.0010","1.0006",3355,2480,2486,2180,3609,3442,3204,3329,"7.30(6.85,7.74)","0.0002","1.0003",3496,3339,"-1.15(-1.32,-0.98)","0.0002","1.0023",1500,2290,"1.48(0.94,2.03)","0.0002","1.0028",2158,3050,"-2.55(-3.00,-2.10)","0.0002","1.0006",2887,3321,"0.06(0.05,0.07)","0.0002","1.0004",6007,3752,"8.70(7.25,10.14)","0.0002","1.0024",2454,3109,"-0.01(-0.07,0.04)","0.6717","1.0003",4179,3580
"I00_I99","2000_2005","2016_2020",15,"EQI_Air+SM+PA+OB+UN+PD+DB+FC","0.00","13.56(10.38,16.79)","15.30(11.98,18.66)","13.87(10.31,17.39)","11.52(7.50,15.68)","0.0002","0.0002","0.0002","0.0002","1.0008","1.0011","1.0008","1.0014",2342,2109,1984,1823,3146,2919,2810,2874,"7.09(6.65,7.52)","0.0002","1.0012",2515,3320,"-1.09(-1.28,-0.90)","0.0002","1.0011",1397,2017,"1.52(0.96,2.07)","0.0002","1.0016",2034,2824,"-2.57(-3.04,-2.12)","0.0002","1.0010",2348,3044,"0.04(0.03,0.05)","0.0002","1.0017",3897,3955,"7.22(5.69,8.74)","0.0002","1.0005",1957,2626,"-0.03(-0.08,0.03)","0.3281","1.0019",3101,3519
"I00_I99","2000_2005","2016_2020",15,"EQI_Water+SM+PA+OB+UN+PD+DB+FC","0.00","-3.68(-7.67,0.14)","3.91(-0.02,8.02)","4.48(0.44,8.53)","4.68(0.40,9.00)","0.0606","0.0519","0.0281","0.0323","1.0009","1.0014","1.0010","1.0012",1830,1682,1832,1837,2661,2522,2795,2670,"7.09(6.65,7.52)","0.0002","1.0012",2515,3320,"-1.09(-1.28,-0.90)","0.0002","1.0011",1397,2017,"1.52(0.96,2.07)","0.0002","1.0016",2034,2824,"-2.57(-3.04,-2.12)","0.0002","1.0010",2348,3044,"0.04(0.03,0.05)","0.0002","1.0017",3897,3955,"7.22(5.69,8.74)","0.0002","1.0005",1957,2626,"-0.03(-0.08,0.03)","0.3281","1.0019",3101,3519
"I00_I99","2000_2005","2016_2020",15,"EQI_Land+SM+PA+OB+UN+PD+DB+FC","0.00","-1.76(-4.67,1.19)","-1.01(-4.04,2.12)","1.76(-1.73,5.31)","5.83(2.14,9.67)","0.2460","0.5155","0.3176","0.0031","1.0010","1.0020","1.0032","1.0032",2552,2231,2101,1983,3412,2664,2737,2796,"7.09(6.65,7.52)","0.0002","1.0012",2515,3320,"-1.09(-1.28,-0.90)","0.0002","1.0011",1397,2017,"1.52(0.96,2.07)","0.0002","1.0016",2034,2824,"-2.57(-3.04,-2.12)","0.0002","1.0010",2348,3044,"0.04(0.03,0.05)","0.0002","1.0017",3897,3955,"7.22(5.69,8.74)","0.0002","1.0005",1957,2626,"-0.03(-0.08,0.03)","0.3281","1.0019",3101,3519
"I00_I99","2000_2005","2016_2020",15,"EQI_Built+SM+PA+OB+UN+PD+DB+FC","0.00","15.86(12.85,18.80)","18.68(15.65,21.69)","19.13(16.05,22.27)","20.15(16.68,23.79)","0.0002","0.0002","0.0002","0.0002","1.0028","1.0020","1.0025","1.0028",2445,2218,2138,1976,3491,3231,3143,3439,"7.09(6.65,7.52)","0.0002","1.0012",2515,3320,"-1.09(-1.28,-0.90)","0.0002","1.0011",1397,2017,"1.52(0.96,2.07)","0.0002","1.0016",2034,2824,"-2.57(-3.04,-2.12)","0.0002","1.0010",2348,3044,"0.04(0.03,0.05)","0.0002","1.0017",3897,3955,"7.22(5.69,8.74)","0.0002","1.0005",1957,2626,"-0.03(-0.08,0.03)","0.3281","1.0019",3101,3519
"I00_I99","2000_2005","2016_2020",15,"EQI_Social+SM+PA+OB+UN+PD+DB+FC","0.00","3.28(0.07,6.39)","-1.28(-4.78,2.10)","-3.17(-7.01,0.54)","-5.92(-10.12,-1.58)","0.0435","0.4730","0.1019","0.0060","1.0021","1.0022","1.0026","1.0022",2399,1936,1740,1639,3220,3284,3005,2311,"7.09(6.65,7.52)","0.0002","1.0012",2515,3320,"-1.09(-1.28,-0.90)","0.0002","1.0011",1397,2017,"1.52(0.96,2.07)","0.0002","1.0016",2034,2824,"-2.57(-3.04,-2.12)","0.0002","1.0010",2348,3044,"0.04(0.03,0.05)","0.0002","1.0017",3897,3955,"7.22(5.69,8.74)","0.0002","1.0005",1957,2626,"-0.03(-0.08,0.03)","0.3281","1.0019",3101,3519
"I00_I99","2000_2005","2021_2024",20,"EQI+SM+PA+OB+UN","0.00","12.19(7.53,16.97)","11.50(6.55,16.34)","13.47(8.20,18.55)","20.37(14.53,26.19)","0.0002","0.0002","0.0002","0.0002","1.0004","1.0017","1.0033","1.0014",3841,3076,2584,2372,3763,3553,3273,3027,"9.15(8.35,9.93)","0.0002","1.0006",2119,2810,"-1.71(-1.96,-1.46)","0.0002","1.0013",1524,2409,"4.37(3.73,5.03)","0.0002","1.0009",2166,3155,"-1.42(-2.26,-0.58)","0.0002","1.0021",2088,2539,"",NA,"NA",NA,NA,"",NA,"NA",NA,NA,"",NA,"NA",NA,NA
"I00_I99","2000_2005","2021_2024",20,"EQI_Air+SM+PA+OB+UN","0.00","12.01(7.22,16.79)","14.93(10.27,19.69)","15.19(10.25,20.28)","16.97(11.57,22.51)","0.0002","0.0002","0.0002","0.0002","1.0010","1.0009","1.0001","1.0010",4946,4473,4195,3729,4161,3788,3595,3566,"8.91(8.14,9.69)","0.0002","1.0015",3651,3117,"-1.73(-2.01,-1.45)","0.0002","1.0024",2927,3321,"4.39(3.74,5.04)","0.0002","1.0013",3717,3786,"-1.67(-2.48,-0.84)","0.0002","1.0011",3913,3576,"",NA,"NA",NA,NA,"",NA,"NA",NA,NA,"",NA,"NA",NA,NA
"I00_I99","2000_2005","2021_2024",20,"EQI_Water+SM+PA+OB+UN","0.00","-7.80(-13.25,-2.18)","1.35(-4.14,6.97)","6.40(0.58,12.09)","2.65(-3.40,8.55)","0.0073","0.6434","0.0306","0.3830","0.9999","1.0005","1.0009","1.0007",4938,4303,3668,4005,3676,3959,3561,4130,"8.91(8.14,9.69)","0.0002","1.0015",3651,3117,"-1.73(-2.01,-1.45)","0.0002","1.0024",2927,3321,"4.39(3.74,5.04)","0.0002","1.0013",3717,3786,"-1.67(-2.48,-0.84)","0.0002","1.0011",3913,3576,"",NA,"NA",NA,NA,"",NA,"NA",NA,NA,"",NA,"NA",NA,NA
"I00_I99","2000_2005","2021_2024",20,"EQI_Land+SM+PA+OB+UN","0.00","-4.28(-9.01,0.33)","-3.91(-8.83,1.14)","-0.54(-5.77,4.61)","3.46(-2.08,9.03)","0.0773","0.1268","0.8305","0.2352","1.0001","0.9997","0.9999","1.0011",6189,5052,4496,4507,4313,3767,4049,4114,"8.91(8.14,9.69)","0.0002","1.0015",3651,3117,"-1.73(-2.01,-1.45)","0.0002","1.0024",2927,3321,"4.39(3.74,5.04)","0.0002","1.0013",3717,3786,"-1.67(-2.48,-0.84)","0.0002","1.0011",3913,3576,"",NA,"NA",NA,NA,"",NA,"NA",NA,NA,"",NA,"NA",NA,NA
"I00_I99","2000_2005","2021_2024",20,"EQI_Built+SM+PA+OB+UN","0.00","9.03(4.22,13.75)","13.30(8.53,17.84)","18.57(13.80,23.33)","24.30(19.16,29.51)","0.0010","0.0002","0.0002","0.0002","1.0009","0.9997","1.0014","1.0005",5236,5014,4531,4501,3719,4213,3628,3981,"8.91(8.14,9.69)","0.0002","1.0015",3651,3117,"-1.73(-2.01,-1.45)","0.0002","1.0024",2927,3321,"4.39(3.74,5.04)","0.0002","1.0013",3717,3786,"-1.67(-2.48,-0.84)","0.0002","1.0011",3913,3576,"",NA,"NA",NA,NA,"",NA,"NA",NA,NA,"",NA,"NA",NA,NA
"I00_I99","2000_2005","2021_2024",20,"EQI_Social+SM+PA+OB+UN","0.00","1.16(-3.62,5.83)","-8.03(-13.02,-3.04)","-7.16(-12.30,-1.72)","-9.17(-15.22,-3.11)","0.6234","0.0019","0.0110","0.0040","1.0007","1.0010","1.0017","1.0011",5207,4787,4207,3708,3766,4111,3457,3942,"8.91(8.14,9.69)","0.0002","1.0015",3651,3117,"-1.73(-2.01,-1.45)","0.0002","1.0024",2927,3321,"4.39(3.74,5.04)","0.0002","1.0013",3717,3786,"-1.67(-2.48,-0.84)","0.0002","1.0011",3913,3576,"",NA,"NA",NA,NA,"",NA,"NA",NA,NA,"",NA,"NA",NA,NA
"I00_I99","2000_2005","2021_2024",20,"EQI+SM+PA+OB+PD","0.00","12.46(7.36,17.33)","11.54(6.74,16.45)","11.77(6.70,16.91)","15.57(9.56,21.54)","0.0002","0.0002","0.0002","0.0002","1.0009","1.0015","1.0018","1.0021",3579,3110,2572,2206,3347,3866,3185,2741,"8.98(8.22,9.72)","0.0002","1.0015",2470,2861,"-2.15(-2.41,-1.90)","0.0002","1.0024",1897,2453,"4.86(4.23,5.51)","0.0002","1.0015",2318,2797,"",NA,"NA",NA,NA,"0.09(0.07,0.11)","0.0002","0.9996",3497,3251,"",NA,"NA",NA,NA,"",NA,"NA",NA,NA
"I00_I99","2000_2005","2021_2024",20,"EQI_Air+SM+PA+OB+PD","0.00","12.16(7.30,17.17)","15.44(10.44,20.37)","14.53(9.32,19.61)","13.37(7.64,19.00)","0.0002","0.0002","0.0002","0.0002","1.0010","1.0009","1.0004","1.0023",4048,3999,3550,3623,3581,3312,3799,3805,"8.79(8.02,9.57)","0.0002","1.0020",3763,3227,"-2.05(-2.34,-1.76)","0.0002","1.0033",2127,3149,"4.60(3.96,5.26)","0.0002","1.0011",3603,3222,"",NA,"NA",NA,NA,"0.07(0.05,0.09)","0.0002","1.0007",5321,3667,"",NA,"NA",NA,NA,"",NA,"NA",NA,NA
"I00_I99","2000_2005","2021_2024",20,"EQI_Water+SM+PA+OB+PD","0.00","-7.49(-13.00,-1.99)","1.85(-3.88,7.48)","6.72(1.04,12.29)","2.10(-3.88,7.93)","0.0073","0.5022","0.0219","0.4955","1.0011","1.0009","1.0003","1.0027",4014,3631,3487,3346,3144,3631,2923,3658,"8.79(8.02,9.57)","0.0002","1.0020",3763,3227,"-2.05(-2.34,-1.76)","0.0002","1.0033",2127,3149,"4.60(3.96,5.26)","0.0002","1.0011",3603,3222,"",NA,"NA",NA,NA,"0.07(0.05,0.09)","0.0002","1.0007",5321,3667,"",NA,"NA",NA,NA,"",NA,"NA",NA,NA
"I00_I99","2000_2005","2021_2024",20,"EQI_Land+SM+PA+OB+PD","0.00","-4.31(-9.01,0.54)","-4.04(-9.03,0.78)","-1.19(-6.55,4.09)","2.99(-2.69,8.57)","0.0810","0.1060","0.6555","0.3064","1.0015","1.0004","1.0008","1.0000",4569,3875,3683,3614,3262,3513,3509,3464,"8.79(8.02,9.57)","0.0002","1.0020",3763,3227,"-2.05(-2.34,-1.76)","0.0002","1.0033",2127,3149,"4.60(3.96,5.26)","0.0002","1.0011",3603,3222,"",NA,"NA",NA,NA,"0.07(0.05,0.09)","0.0002","1.0007",5321,3667,"",NA,"NA",NA,NA,"",NA,"NA",NA,NA
"I00_I99","2000_2005","2021_2024",20,"EQI_Built+SM+PA+OB+PD","0.00","9.25(4.41,13.83)","12.65(7.94,17.39)","16.33(11.60,21.01)","17.57(12.11,22.91)","0.0006","0.0002","0.0002","0.0002","1.0019","1.0003","1.0009","1.0013",5057,4528,4356,4485,3918,3758,3648,3963,"8.79(8.02,9.57)","0.0002","1.0020",3763,3227,"-2.05(-2.34,-1.76)","0.0002","1.0033",2127,3149,"4.60(3.96,5.26)","0.0002","1.0011",3603,3222,"",NA,"NA",NA,NA,"0.07(0.05,0.09)","0.0002","1.0007",5321,3667,"",NA,"NA",NA,NA,"",NA,"NA",NA,NA
"I00_I99","2000_2005","2021_2024",20,"EQI_Social+SM+PA+OB+PD","0.00","1.21(-3.49,6.05)","-6.46(-11.36,-1.55)","-5.00(-10.08,0.12)","-5.49(-11.25,0.28)","0.6272","0.0094","0.0564","0.0639","1.0005","1.0010","1.0005","1.0012",4930,4086,3899,3497,3693,3949,3641,3736,"8.79(8.02,9.57)","0.0002","1.0020",3763,3227,"-2.05(-2.34,-1.76)","0.0002","1.0033",2127,3149,"4.60(3.96,5.26)","0.0002","1.0011",3603,3222,"",NA,"NA",NA,NA,"0.07(0.05,0.09)","0.0002","1.0007",5321,3667,"",NA,"NA",NA,NA,"",NA,"NA",NA,NA
"I00_I99","2000_2005","2021_2024",20,"EQI+SM+PA+OB+DB","0.00","13.38(8.38,18.36)","12.92(8.06,17.76)","14.89(9.64,20.08)","18.06(12.24,24.04)","0.0002","0.0002","0.0002","0.0002","0.9997","1.0009","1.0007","1.0010",5322,4333,3702,3260,3822,3467,3637,3818,"8.80(8.01,9.58)","0.0002","1.0008",3702,3297,"-1.42(-1.66,-1.17)","0.0002","1.0020",2692,3328,"0.71(-0.23,1.67)","0.1298","1.0003",2429,3483,"",NA,"NA",NA,NA,"",NA,"NA",NA,NA,"12.75(10.22,15.32)","0.0002","1.0017",2717,3091,"",NA,"NA",NA,NA
"I00_I99","2000_2005","2021_2024",20,"EQI_Air+SM+PA+OB+DB","0.00","11.60(6.66,16.38)","14.70(9.85,19.64)","14.23(9.01,19.34)","12.40(6.57,18.10)","0.0002","0.0002","0.0002","0.0002","1.0004","1.0017","1.0001","1.0012",4096,3328,2943,2769,3997,3450,3683,3837,"8.61(7.84,9.38)","0.0002","1.0009",3296,3425,"-1.53(-1.81,-1.24)","0.0002","1.0035",2226,2861,"1.34(0.40,2.32)","0.0073","1.0012",2163,3087,"",NA,"NA",NA,NA,"",NA,"NA",NA,NA,"10.42(7.86,12.97)","0.0002","1.0029",2436,3467,"",NA,"NA",NA,NA
"I00_I99","2000_2005","2021_2024",20,"EQI_Water+SM+PA+OB+DB","0.00","-7.85(-13.27,-2.39)","1.50(-4.15,7.05)","6.08(0.42,11.61)","1.83(-4.11,7.82)","0.0060","0.5963","0.0315","0.5451","1.0007","1.0017","1.0022","1.0028",4146,3494,3575,3101,4073,3479,3468,3803,"8.61(7.84,9.38)","0.0002","1.0009",3296,3425,"-1.53(-1.81,-1.24)","0.0002","1.0035",2226,2861,"1.34(0.40,2.32)","0.0073","1.0012",2163,3087,"",NA,"NA",NA,NA,"",NA,"NA",NA,NA,"10.42(7.86,12.97)","0.0002","1.0029",2436,3467,"",NA,"NA",NA,NA
"I00_I99","2000_2005","2021_2024",20,"EQI_Land+SM+PA+OB+DB","0.00","-4.47(-9.32,0.34)","-4.09(-8.96,0.64)","-1.21(-6.39,4.02)","3.86(-1.87,9.28)","0.0710","0.0973","0.6713","0.1777","1.0009","1.0003","1.0000","1.0004",4479,4078,3351,3490,3712,3841,3738,3826,"8.61(7.84,9.38)","0.0002","1.0009",3296,3425,"-1.53(-1.81,-1.24)","0.0002","1.0035",2226,2861,"1.34(0.40,2.32)","0.0073","1.0012",2163,3087,"",NA,"NA",NA,NA,"",NA,"NA",NA,NA,"10.42(7.86,12.97)","0.0002","1.0029",2436,3467,"",NA,"NA",NA,NA
"I00_I99","2000_2005","2021_2024",20,"EQI_Built+SM+PA+OB+DB","0.00","9.72(4.89,14.61)","13.44(8.68,18.25)","18.12(13.24,22.93)","21.99(16.88,27.09)","0.0002","0.0002","0.0002","0.0002","1.0015","1.0010","1.0011","1.0022",4993,4505,4273,3663,3214,3647,3450,3440,"8.61(7.84,9.38)","0.0002","1.0009",3296,3425,"-1.53(-1.81,-1.24)","0.0002","1.0035",2226,2861,"1.34(0.40,2.32)","0.0073","1.0012",2163,3087,"",NA,"NA",NA,NA,"",NA,"NA",NA,NA,"10.42(7.86,12.97)","0.0002","1.0029",2436,3467,"",NA,"NA",NA,NA
"I00_I99","2000_2005","2021_2024",20,"EQI_Social+SM+PA+OB+DB","0.00","3.52(-1.22,8.09)","-4.11(-9.19,0.91)","-2.48(-7.84,2.81)","-4.22(-10.15,1.58)","0.1352","0.1131","0.3680","0.1573","0.9996","1.0005","1.0006","1.0015",4643,3282,3127,2880,3833,3466,2946,3718,"8.61(7.84,9.38)","0.0002","1.0009",3296,3425,"-1.53(-1.81,-1.24)","0.0002","1.0035",2226,2861,"1.34(0.40,2.32)","0.0073","1.0012",2163,3087,"",NA,"NA",NA,NA,"",NA,"NA",NA,NA,"10.42(7.86,12.97)","0.0002","1.0029",2436,3467,"",NA,"NA",NA,NA
"I00_I99","2000_2005","2021_2024",20,"EQI+SM+PA+OB+FC","0.00","11.95(6.97,16.79)","11.75(6.76,16.61)","14.41(9.12,19.54)","21.57(15.73,27.37)","0.0002","0.0002","0.0002","0.0002","1.0016","1.0006","1.0015","1.0022",3305,2877,2623,2400,3280,3272,3123,3180,"8.76(7.95,9.58)","0.0002","1.0038",2043,2723,"-1.72(-1.96,-1.47)","0.0002","1.0030",1457,2852,"4.28(3.60,4.93)","0.0002","1.0060",1825,2356,"",NA,"NA",NA,NA,"",NA,"NA",NA,NA,"",NA,"NA",NA,NA,"0.06(-0.05,0.16)","0.2797","1.0022",2885,3078
"I00_I99","2000_2005","2021_2024",20,"EQI_Air+SM+PA+OB+FC","0.00","11.69(6.72,16.68)","15.31(10.32,20.30)","16.13(11.13,21.10)","18.25(12.68,23.71)","0.0002","0.0002","0.0002","0.0002","1.0004","1.0020","1.0025","1.0015",3684,3498,3125,2684,3532,3408,3256,3226,"8.49(7.71,9.32)","0.0002","1.0002",2652,2815,"-1.77(-2.04,-1.49)","0.0002","1.0013",1737,3013,"4.30(3.64,4.94)","0.0002","1.0015",2615,2730,"",NA,"NA",NA,NA,"",NA,"NA",NA,NA,"",NA,"NA",NA,NA,"0.08(-0.03,0.17)","0.1477","1.0007",3399,3432
"I00_I99","2000_2005","2021_2024",20,"EQI_Water+SM+PA+OB+FC","0.00","-8.48(-14.00,-2.78)","1.16(-4.33,6.74)","6.21(0.61,12.05)","1.82(-4.26,7.72)","0.0069","0.6634","0.0290","0.5513","1.0025","1.0006","1.0021","1.0024",3445,2955,2868,2607,3604,3157,3549,3234,"8.49(7.71,9.32)","0.0002","1.0002",2652,2815,"-1.77(-2.04,-1.49)","0.0002","1.0013",1737,3013,"4.30(3.64,4.94)","0.0002","1.0015",2615,2730,"",NA,"NA",NA,NA,"",NA,"NA",NA,NA,"",NA,"NA",NA,NA,"0.08(-0.03,0.17)","0.1477","1.0007",3399,3432
"I00_I99","2000_2005","2021_2024",20,"EQI_Land+SM+PA+OB+FC","0.00","-4.51(-9.16,0.21)","-4.00(-8.93,0.84)","-0.69(-5.96,4.65)","3.58(-2.12,9.34)","0.0594","0.1152","0.8005","0.2168","1.0029","1.0014","1.0027","1.0020",4089,3396,3045,2801,3868,3633,3461,3165,"8.49(7.71,9.32)","0.0002","1.0002",2652,2815,"-1.77(-2.04,-1.49)","0.0002","1.0013",1737,3013,"4.30(3.64,4.94)","0.0002","1.0015",2615,2730,"",NA,"NA",NA,NA,"",NA,"NA",NA,NA,"",NA,"NA",NA,NA,"0.08(-0.03,0.17)","0.1477","1.0007",3399,3432
"I00_I99","2000_2005","2021_2024",20,"EQI_Built+SM+PA+OB+FC","0.00","9.02(4.15,13.72)","13.44(8.60,18.25)","18.58(13.65,23.33)","23.98(18.77,29.20)","0.0002","0.0002","0.0002","0.0002","1.0019","1.0031","1.0024","1.0027",3897,3865,3447,3405,3482,3733,3599,3235,"8.49(7.71,9.32)","0.0002","1.0002",2652,2815,"-1.77(-2.04,-1.49)","0.0002","1.0013",1737,3013,"4.30(3.64,4.94)","0.0002","1.0015",2615,2730,"",NA,"NA",NA,NA,"",NA,"NA",NA,NA,"",NA,"NA",NA,NA,"0.08(-0.03,0.17)","0.1477","1.0007",3399,3432
"I00_I99","2000_2005","2021_2024",20,"EQI_Social+SM+PA+OB+FC","0.00","1.10(-3.49,5.89)","-7.46(-12.36,-2.37)","-5.96(-11.34,-0.84)","-7.00(-12.81,-1.31)","0.6509","0.0027","0.0252","0.0135","1.0006","1.0014","1.0011","1.0012",3822,3426,3150,3027,3786,3361,3395,2990,"8.49(7.71,9.32)","0.0002","1.0002",2652,2815,"-1.77(-2.04,-1.49)","0.0002","1.0013",1737,3013,"4.30(3.64,4.94)","0.0002","1.0015",2615,2730,"",NA,"NA",NA,NA,"",NA,"NA",NA,NA,"",NA,"NA",NA,NA,"0.08(-0.03,0.17)","0.1477","1.0007",3399,3432
"I00_I99","2000_2005","2021_2024",20,"EQI+SM+PA+OB+UN+PD+DB+FC","0.00","14.05(9.08,18.89)","12.47(7.51,17.41)","12.04(6.80,17.22)","13.09(7.11,19.08)","0.0002","0.0002","0.0002","0.0002","1.0012","1.0009","1.0011","1.0007",4357,3717,3208,3003,3562,3896,3433,3470,"9.05(8.25,9.87)","0.0002","1.0003",3265,3454,"-1.87(-2.15,-1.60)","0.0002","1.0005",2077,3095,"2.09(1.08,3.07)","0.0002","1.0018",2240,2788,"-1.89(-2.69,-1.07)","0.0002","1.0016",2496,3115,"0.08(0.06,0.10)","0.0002","1.0002",4545,4003,"11.19(8.55,13.81)","0.0002","1.0017",2498,3229,"0.09(-0.02,0.19)","0.0910","1.0004",3610,3631
"I00_I99","2000_2005","2021_2024",20,"EQI_Air+SM+PA+OB+UN+PD+DB+FC","0.00","11.50(6.64,16.41)","13.60(8.68,18.63)","11.73(6.61,16.88)","7.53(1.40,13.37)","0.0002","0.0002","0.0002","0.0185","1.0019","1.0030","1.0021","1.0030",4637,3942,3346,3137,3981,3622,3840,3688,"8.91(8.10,9.71)","0.0002","1.0003",4343,3998,"-1.83(-2.11,-1.54)","0.0002","1.0013",2306,3281,"2.14(1.13,3.14)","0.0002","1.0000",2514,3404,"-1.98(-2.78,-1.19)","0.0002","1.0017",3175,3442,"0.06(0.05,0.08)","0.0002","1.0014",4909,3846,"10.11(7.55,12.75)","0.0002","1.0009",2869,3265,"0.09(-0.02,0.19)","0.0964","0.9998",3654,3862
"I00_I99","2000_2005","2021_2024",20,"EQI_Water+SM+PA+OB+UN+PD+DB+FC","0.00","-7.01(-12.57,-1.51)","1.66(-3.81,7.06)","6.77(0.98,12.49)","2.76(-3.30,8.92)","0.0110","0.5647","0.0223","0.3785","1.0006","1.0009","1.0014","1.0023",3937,3500,3282,3397,3864,3766,3508,3696,"8.91(8.10,9.71)","0.0002","1.0003",4343,3998,"-1.83(-2.11,-1.54)","0.0002","1.0013",2306,3281,"2.14(1.13,3.14)","0.0002","1.0000",2514,3404,"-1.98(-2.78,-1.19)","0.0002","1.0017",3175,3442,"0.06(0.05,0.08)","0.0002","1.0014",4909,3846,"10.11(7.55,12.75)","0.0002","1.0009",2869,3265,"0.09(-0.02,0.19)","0.0964","0.9998",3654,3862
"I00_I99","2000_2005","2021_2024",20,"EQI_Land+SM+PA+OB+UN+PD+DB+FC","0.00","-4.42(-9.20,0.14)","-4.00(-8.91,0.82)","-0.72(-5.97,4.52)","5.07(-0.67,10.77)","0.0585","0.1106","0.7950","0.0885","1.0010","0.9999","0.9999","1.0008",4723,4102,4209,3809,3690,3703,3790,4246,"8.91(8.10,9.71)","0.0002","1.0003",4343,3998,"-1.83(-2.11,-1.54)","0.0002","1.0013",2306,3281,"2.14(1.13,3.14)","0.0002","1.0000",2514,3404,"-1.98(-2.78,-1.19)","0.0002","1.0017",3175,3442,"0.06(0.05,0.08)","0.0002","1.0014",4909,3846,"10.11(7.55,12.75)","0.0002","1.0009",2869,3265,"0.09(-0.02,0.19)","0.0964","0.9998",3654,3862
"I00_I99","2000_2005","2021_2024",20,"EQI_Built+SM+PA+OB+UN+PD+DB+FC","0.00","9.93(5.29,14.56)","13.20(8.59,17.78)","16.60(11.80,21.41)","16.96(11.59,22.20)","0.0002","0.0002","0.0002","0.0002","1.0004","1.0011","1.0006","1.0007",4968,4191,4220,3771,3914,3556,3540,3642,"8.91(8.10,9.71)","0.0002","1.0003",4343,3998,"-1.83(-2.11,-1.54)","0.0002","1.0013",2306,3281,"2.14(1.13,3.14)","0.0002","1.0000",2514,3404,"-1.98(-2.78,-1.19)","0.0002","1.0017",3175,3442,"0.06(0.05,0.08)","0.0002","1.0014",4909,3846,"10.11(7.55,12.75)","0.0002","1.0009",2869,3265,"0.09(-0.02,0.19)","0.0964","0.9998",3654,3862
"I00_I99","2000_2005","2021_2024",20,"EQI_Social+SM+PA+OB+UN+PD+DB+FC","0.00","3.59(-1.11,8.20)","-3.79(-8.81,1.10)","-2.50(-7.74,2.54)","-4.61(-10.40,1.41)","0.1306","0.1231","0.3451","0.1235","1.0006","1.0012","1.0026","1.0025",5689,4053,3524,3331,4146,3395,4102,3548,"8.91(8.10,9.71)","0.0002","1.0003",4343,3998,"-1.83(-2.11,-1.54)","0.0002","1.0013",2306,3281,"2.14(1.13,3.14)","0.0002","1.0000",2514,3404,"-1.98(-2.78,-1.19)","0.0002","1.0017",3175,3442,"0.06(0.05,0.08)","0.0002","1.0014",4909,3846,"10.11(7.55,12.75)","0.0002","1.0009",2869,3265,"0.09(-0.02,0.19)","0.0964","0.9998",3654,3862
